[2025-04-05 01:51:20.294] [info]  [db] Initialized DB client
[2025-04-05 01:51:20.336] [info]  Redirecting to last visited project proj_8fdc830c9d004c98a7dcb47804883a48
[2025-04-05 01:51:20.543] [info]  [FileSystemDriver] Initialized in "/home/alberto/.config/Insomnia/version-control"
[2025-04-05 01:51:20.547] [info]  [sync] Activated project prj_42d606abc8d04822aa2a1ef59edd33fd
[2025-04-05 01:51:20.548] [info]  [FileSystemDriver] Writing to /projects/prj_42d606abc8d04822aa2a1ef59edd33fd/meta.json
[2025-04-05 01:51:20.549] [info]  [FileSystemDriver] Writing to /home/alberto/.config/Insomnia/version-control/projects/prj_42d606abc8d04822aa2a1ef59edd33fd/meta.json.b4b68589-e5cf-4260-88a6-fe5d4b896839.tmp then renaming to /home/alberto/.config/Insomnia/version-control/projects/prj_42d606abc8d04822aa2a1ef59edd33fd/meta.json
[2025-04-05 01:51:20.601] [info]  [sync] Activated project prj_42d606abc8d04822aa2a1ef59edd33fd
[2025-04-05 01:51:20.602] [info]  [FileSystemDriver] Writing to /projects/prj_42d606abc8d04822aa2a1ef59edd33fd/meta.json
[2025-04-05 01:51:20.602] [info]  [FileSystemDriver] Writing to /home/alberto/.config/Insomnia/version-control/projects/prj_42d606abc8d04822aa2a1ef59edd33fd/meta.json.d43c5531-e940-47ea-ab13-611472e85d27.tmp then renaming to /home/alberto/.config/Insomnia/version-control/projects/prj_42d606abc8d04822aa2a1ef59edd33fd/meta.json
[2025-04-05 01:51:22.837] [info]  [sync] Activated project prj_42d606abc8d04822aa2a1ef59edd33fd
[2025-04-05 01:51:22.838] [info]  [FileSystemDriver] Writing to /projects/prj_42d606abc8d04822aa2a1ef59edd33fd/meta.json
[2025-04-05 01:51:22.838] [info]  [FileSystemDriver] Writing to /home/alberto/.config/Insomnia/version-control/projects/prj_42d606abc8d04822aa2a1ef59edd33fd/meta.json.a1254905-537a-48ae-8142-5e0ca8fd9c35.tmp then renaming to /home/alberto/.config/Insomnia/version-control/projects/prj_42d606abc8d04822aa2a1ef59edd33fd/meta.json
[2025-04-05 01:51:23.053] [info]  [sync] Activated project prj_42d606abc8d04822aa2a1ef59edd33fd
[2025-04-05 01:51:23.053] [info]  [FileSystemDriver] Writing to /projects/prj_42d606abc8d04822aa2a1ef59edd33fd/meta.json
[2025-04-05 01:51:23.054] [info]  [FileSystemDriver] Writing to /home/alberto/.config/Insomnia/version-control/projects/prj_42d606abc8d04822aa2a1ef59edd33fd/meta.json.6ed9d687-697f-45d1-908e-8d749e3c9dc5.tmp then renaming to /home/alberto/.config/Insomnia/version-control/projects/prj_42d606abc8d04822aa2a1ef59edd33fd/meta.json
[2025-04-05 01:51:23.508] [info]  [sync] Activated project prj_42d606abc8d04822aa2a1ef59edd33fd
[2025-04-05 01:51:23.508] [info]  [FileSystemDriver] Writing to /projects/prj_42d606abc8d04822aa2a1ef59edd33fd/meta.json
[2025-04-05 01:51:23.508] [info]  [FileSystemDriver] Writing to /home/alberto/.config/Insomnia/version-control/projects/prj_42d606abc8d04822aa2a1ef59edd33fd/meta.json.2127f798-dabd-4974-9c2e-92fc2ac72a70.tmp then renaming to /home/alberto/.config/Insomnia/version-control/projects/prj_42d606abc8d04822aa2a1ef59edd33fd/meta.json
[2025-04-05 01:51:24.111] [info]  [sync] Activated project prj_42d606abc8d04822aa2a1ef59edd33fd
[2025-04-05 01:51:24.112] [info]  [FileSystemDriver] Writing to /projects/prj_42d606abc8d04822aa2a1ef59edd33fd/meta.json
[2025-04-05 01:51:24.112] [info]  [FileSystemDriver] Writing to /home/alberto/.config/Insomnia/version-control/projects/prj_42d606abc8d04822aa2a1ef59edd33fd/meta.json.102e706d-abcd-425e-beb1-095f49df23ad.tmp then renaming to /home/alberto/.config/Insomnia/version-control/projects/prj_42d606abc8d04822aa2a1ef59edd33fd/meta.json
[2025-04-05 01:51:24.294] [info]  [sync] Activated project prj_42d606abc8d04822aa2a1ef59edd33fd
[2025-04-05 01:51:24.294] [info]  [FileSystemDriver] Writing to /projects/prj_42d606abc8d04822aa2a1ef59edd33fd/meta.json
[2025-04-05 01:51:24.294] [info]  [FileSystemDriver] Writing to /home/alberto/.config/Insomnia/version-control/projects/prj_42d606abc8d04822aa2a1ef59edd33fd/meta.json.17eefd70-3076-410c-9577-fb382238a540.tmp then renaming to /home/alberto/.config/Insomnia/version-control/projects/prj_42d606abc8d04822aa2a1ef59edd33fd/meta.json
[2025-04-05 01:51:25.706] [info]  [sync] Activated project prj_42d606abc8d04822aa2a1ef59edd33fd
[2025-04-05 01:51:25.706] [info]  [FileSystemDriver] Writing to /projects/prj_42d606abc8d04822aa2a1ef59edd33fd/meta.json
[2025-04-05 01:51:25.707] [info]  [FileSystemDriver] Writing to /home/alberto/.config/Insomnia/version-control/projects/prj_42d606abc8d04822aa2a1ef59edd33fd/meta.json.e29d1de1-bebe-427b-ac3e-94bd41333aaf.tmp then renaming to /home/alberto/.config/Insomnia/version-control/projects/prj_42d606abc8d04822aa2a1ef59edd33fd/meta.json
[2025-04-05 01:51:25.709] [info]  [sync] Activated project prj_42d606abc8d04822aa2a1ef59edd33fd
[2025-04-05 01:51:25.710] [info]  [FileSystemDriver] Writing to /projects/prj_42d606abc8d04822aa2a1ef59edd33fd/meta.json
[2025-04-05 01:51:25.710] [info]  [FileSystemDriver] Writing to /home/alberto/.config/Insomnia/version-control/projects/prj_42d606abc8d04822aa2a1ef59edd33fd/meta.json.3843db4c-b279-4de0-b396-61ed69ba1a40.tmp then renaming to /home/alberto/.config/Insomnia/version-control/projects/prj_42d606abc8d04822aa2a1ef59edd33fd/meta.json
[2025-04-05 01:51:25.897] [info]  [sync] Activated project prj_42d606abc8d04822aa2a1ef59edd33fd
[2025-04-05 01:51:25.897] [info]  [FileSystemDriver] Writing to /projects/prj_42d606abc8d04822aa2a1ef59edd33fd/meta.json
[2025-04-05 01:51:25.898] [info]  [FileSystemDriver] Writing to /home/alberto/.config/Insomnia/version-control/projects/prj_42d606abc8d04822aa2a1ef59edd33fd/meta.json.75a79b0a-decc-4a95-8f6d-e1be28644a64.tmp then renaming to /home/alberto/.config/Insomnia/version-control/projects/prj_42d606abc8d04822aa2a1ef59edd33fd/meta.json
[2025-04-05 01:51:26.083] [info]  [sync] Activated project prj_42d606abc8d04822aa2a1ef59edd33fd
[2025-04-05 01:51:26.083] [info]  [FileSystemDriver] Writing to /projects/prj_42d606abc8d04822aa2a1ef59edd33fd/meta.json
[2025-04-05 01:51:26.084] [info]  [FileSystemDriver] Writing to /home/alberto/.config/Insomnia/version-control/projects/prj_42d606abc8d04822aa2a1ef59edd33fd/meta.json.b57eae51-483b-4c23-a927-62096824d88b.tmp then renaming to /home/alberto/.config/Insomnia/version-control/projects/prj_42d606abc8d04822aa2a1ef59edd33fd/meta.json
[2025-04-05 01:52:44.661] [info]  [sync] Activated project prj_42d606abc8d04822aa2a1ef59edd33fd
[2025-04-05 01:52:44.661] [info]  [FileSystemDriver] Writing to /projects/prj_42d606abc8d04822aa2a1ef59edd33fd/meta.json
[2025-04-05 01:52:44.662] [info]  [FileSystemDriver] Writing to /home/alberto/.config/Insomnia/version-control/projects/prj_42d606abc8d04822aa2a1ef59edd33fd/meta.json.2cda47be-a819-40ca-843d-4baca4ce81e7.tmp then renaming to /home/alberto/.config/Insomnia/version-control/projects/prj_42d606abc8d04822aa2a1ef59edd33fd/meta.json
[2025-04-05 01:53:11.946] [info]  [sync] Activated project prj_42d606abc8d04822aa2a1ef59edd33fd
[2025-04-05 01:53:11.946] [info]  [FileSystemDriver] Writing to /projects/prj_42d606abc8d04822aa2a1ef59edd33fd/meta.json
[2025-04-05 01:53:11.948] [info]  [FileSystemDriver] Writing to /home/alberto/.config/Insomnia/version-control/projects/prj_42d606abc8d04822aa2a1ef59edd33fd/meta.json.358c1932-cfd8-40cd-a1c1-b743937a1593.tmp then renaming to /home/alberto/.config/Insomnia/version-control/projects/prj_42d606abc8d04822aa2a1ef59edd33fd/meta.json
[2025-04-05 01:53:35.405] [info]  [sync] Activated project prj_42d606abc8d04822aa2a1ef59edd33fd
[2025-04-05 01:53:35.405] [info]  [FileSystemDriver] Writing to /projects/prj_42d606abc8d04822aa2a1ef59edd33fd/meta.json
[2025-04-05 01:53:35.407] [info]  [FileSystemDriver] Writing to /home/alberto/.config/Insomnia/version-control/projects/prj_42d606abc8d04822aa2a1ef59edd33fd/meta.json.fc20aafe-3e93-4ad7-bfc2-9cb4d0508965.tmp then renaming to /home/alberto/.config/Insomnia/version-control/projects/prj_42d606abc8d04822aa2a1ef59edd33fd/meta.json
[2025-04-05 01:53:36.434] [info]  [sync] Activated project prj_42d606abc8d04822aa2a1ef59edd33fd
[2025-04-05 01:53:36.435] [info]  [FileSystemDriver] Writing to /projects/prj_42d606abc8d04822aa2a1ef59edd33fd/meta.json
[2025-04-05 01:53:36.436] [info]  [FileSystemDriver] Writing to /home/alberto/.config/Insomnia/version-control/projects/prj_42d606abc8d04822aa2a1ef59edd33fd/meta.json.fd7535fa-8da6-4b22-b4fb-487e96058f10.tmp then renaming to /home/alberto/.config/Insomnia/version-control/projects/prj_42d606abc8d04822aa2a1ef59edd33fd/meta.json
[2025-04-05 01:53:36.442] [info]  [sync] Activated project prj_42d606abc8d04822aa2a1ef59edd33fd
[2025-04-05 01:53:36.443] [info]  [FileSystemDriver] Writing to /projects/prj_42d606abc8d04822aa2a1ef59edd33fd/meta.json
[2025-04-05 01:53:36.444] [info]  [FileSystemDriver] Writing to /home/alberto/.config/Insomnia/version-control/projects/prj_42d606abc8d04822aa2a1ef59edd33fd/meta.json.380bea9e-7a07-4bba-800e-21f09a9ea582.tmp then renaming to /home/alberto/.config/Insomnia/version-control/projects/prj_42d606abc8d04822aa2a1ef59edd33fd/meta.json
[2025-04-05 01:53:37.778] [info]  [sync] Activated project prj_42d606abc8d04822aa2a1ef59edd33fd
[2025-04-05 01:53:37.779] [info]  [FileSystemDriver] Writing to /projects/prj_42d606abc8d04822aa2a1ef59edd33fd/meta.json
[2025-04-05 01:53:37.780] [info]  [FileSystemDriver] Writing to /home/alberto/.config/Insomnia/version-control/projects/prj_42d606abc8d04822aa2a1ef59edd33fd/meta.json.05416ef4-a95f-4774-a090-4060e23aea93.tmp then renaming to /home/alberto/.config/Insomnia/version-control/projects/prj_42d606abc8d04822aa2a1ef59edd33fd/meta.json
[2025-04-05 01:53:38.047] [info]  [sync] Activated project prj_42d606abc8d04822aa2a1ef59edd33fd
[2025-04-05 01:53:38.048] [info]  [FileSystemDriver] Writing to /projects/prj_42d606abc8d04822aa2a1ef59edd33fd/meta.json
[2025-04-05 01:53:38.049] [info]  [FileSystemDriver] Writing to /home/alberto/.config/Insomnia/version-control/projects/prj_42d606abc8d04822aa2a1ef59edd33fd/meta.json.74c8a6db-97c6-4cd4-888c-32a57adc3cbc.tmp then renaming to /home/alberto/.config/Insomnia/version-control/projects/prj_42d606abc8d04822aa2a1ef59edd33fd/meta.json
[2025-04-05 01:53:40.782] [info]  [sync] Activated project prj_42d606abc8d04822aa2a1ef59edd33fd
[2025-04-05 01:53:40.782] [info]  [FileSystemDriver] Writing to /projects/prj_42d606abc8d04822aa2a1ef59edd33fd/meta.json
[2025-04-05 01:53:40.782] [info]  [FileSystemDriver] Writing to /home/alberto/.config/Insomnia/version-control/projects/prj_42d606abc8d04822aa2a1ef59edd33fd/meta.json.37bb849c-351a-46e3-8eb5-599a482bb4a8.tmp then renaming to /home/alberto/.config/Insomnia/version-control/projects/prj_42d606abc8d04822aa2a1ef59edd33fd/meta.json
[2025-04-05 01:53:41.248] [info]  [sync] Activated project prj_42d606abc8d04822aa2a1ef59edd33fd
[2025-04-05 01:53:41.248] [info]  [FileSystemDriver] Writing to /projects/prj_42d606abc8d04822aa2a1ef59edd33fd/meta.json
[2025-04-05 01:53:41.249] [info]  [FileSystemDriver] Writing to /home/alberto/.config/Insomnia/version-control/projects/prj_42d606abc8d04822aa2a1ef59edd33fd/meta.json.7973030c-356c-4a96-b7a6-e70a7a201752.tmp then renaming to /home/alberto/.config/Insomnia/version-control/projects/prj_42d606abc8d04822aa2a1ef59edd33fd/meta.json
[2025-04-05 01:53:41.628] [info]  [sync] Activated project prj_42d606abc8d04822aa2a1ef59edd33fd
[2025-04-05 01:53:41.628] [info]  [FileSystemDriver] Writing to /projects/prj_42d606abc8d04822aa2a1ef59edd33fd/meta.json
[2025-04-05 01:53:41.629] [info]  [FileSystemDriver] Writing to /home/alberto/.config/Insomnia/version-control/projects/prj_42d606abc8d04822aa2a1ef59edd33fd/meta.json.c872e79c-cc5c-47d2-bb68-2447878289b2.tmp then renaming to /home/alberto/.config/Insomnia/version-control/projects/prj_42d606abc8d04822aa2a1ef59edd33fd/meta.json
[2025-04-05 01:53:43.295] [info]  [sync] Activated project prj_42d606abc8d04822aa2a1ef59edd33fd
[2025-04-05 01:53:43.295] [info]  [FileSystemDriver] Writing to /projects/prj_42d606abc8d04822aa2a1ef59edd33fd/meta.json
[2025-04-05 01:53:43.296] [info]  [FileSystemDriver] Writing to /home/alberto/.config/Insomnia/version-control/projects/prj_42d606abc8d04822aa2a1ef59edd33fd/meta.json.60c8d176-caed-4833-8f64-fd7f9bc6768d.tmp then renaming to /home/alberto/.config/Insomnia/version-control/projects/prj_42d606abc8d04822aa2a1ef59edd33fd/meta.json
[2025-04-05 01:53:44.777] [info]  [sync] Activated project prj_42d606abc8d04822aa2a1ef59edd33fd
[2025-04-05 01:53:44.777] [info]  [FileSystemDriver] Writing to /projects/prj_42d606abc8d04822aa2a1ef59edd33fd/meta.json
[2025-04-05 01:53:44.777] [info]  [FileSystemDriver] Writing to /home/alberto/.config/Insomnia/version-control/projects/prj_42d606abc8d04822aa2a1ef59edd33fd/meta.json.22562548-ff60-4c37-aa42-2abe19c6ea59.tmp then renaming to /home/alberto/.config/Insomnia/version-control/projects/prj_42d606abc8d04822aa2a1ef59edd33fd/meta.json
[2025-04-05 01:53:46.469] [info]  [sync] Activated project prj_42d606abc8d04822aa2a1ef59edd33fd
[2025-04-05 01:53:46.470] [info]  [FileSystemDriver] Writing to /projects/prj_42d606abc8d04822aa2a1ef59edd33fd/meta.json
[2025-04-05 01:53:46.470] [info]  [FileSystemDriver] Writing to /home/alberto/.config/Insomnia/version-control/projects/prj_42d606abc8d04822aa2a1ef59edd33fd/meta.json.4dc6be16-1fb4-4795-86fb-e561f34790c3.tmp then renaming to /home/alberto/.config/Insomnia/version-control/projects/prj_42d606abc8d04822aa2a1ef59edd33fd/meta.json
[2025-04-05 01:53:46.956] [info]  [sync] Activated project prj_42d606abc8d04822aa2a1ef59edd33fd
[2025-04-05 01:53:46.956] [info]  [FileSystemDriver] Writing to /projects/prj_42d606abc8d04822aa2a1ef59edd33fd/meta.json
[2025-04-05 01:53:46.957] [info]  [FileSystemDriver] Writing to /home/alberto/.config/Insomnia/version-control/projects/prj_42d606abc8d04822aa2a1ef59edd33fd/meta.json.be2552f9-a26c-4d10-aebe-1ca600677b9e.tmp then renaming to /home/alberto/.config/Insomnia/version-control/projects/prj_42d606abc8d04822aa2a1ef59edd33fd/meta.json
[2025-04-05 01:53:50.378] [info]  [sync] Activated project prj_42d606abc8d04822aa2a1ef59edd33fd
[2025-04-05 01:53:50.378] [info]  [FileSystemDriver] Writing to /projects/prj_42d606abc8d04822aa2a1ef59edd33fd/meta.json
[2025-04-05 01:53:50.379] [info]  [FileSystemDriver] Writing to /home/alberto/.config/Insomnia/version-control/projects/prj_42d606abc8d04822aa2a1ef59edd33fd/meta.json.2597ed2a-042a-4973-9e2e-15b69fde88fc.tmp then renaming to /home/alberto/.config/Insomnia/version-control/projects/prj_42d606abc8d04822aa2a1ef59edd33fd/meta.json
[2025-04-05 01:53:50.730] [info]  [sync] Activated project prj_42d606abc8d04822aa2a1ef59edd33fd
[2025-04-05 01:53:50.730] [info]  [FileSystemDriver] Writing to /projects/prj_42d606abc8d04822aa2a1ef59edd33fd/meta.json
[2025-04-05 01:53:50.731] [info]  [FileSystemDriver] Writing to /home/alberto/.config/Insomnia/version-control/projects/prj_42d606abc8d04822aa2a1ef59edd33fd/meta.json.4d469c08-710c-4b66-9a59-d97887404e62.tmp then renaming to /home/alberto/.config/Insomnia/version-control/projects/prj_42d606abc8d04822aa2a1ef59edd33fd/meta.json
[2025-04-05 01:53:51.569] [info]  [sync] Activated project prj_42d606abc8d04822aa2a1ef59edd33fd
[2025-04-05 01:53:51.570] [info]  [FileSystemDriver] Writing to /projects/prj_42d606abc8d04822aa2a1ef59edd33fd/meta.json
[2025-04-05 01:53:51.570] [info]  [FileSystemDriver] Writing to /home/alberto/.config/Insomnia/version-control/projects/prj_42d606abc8d04822aa2a1ef59edd33fd/meta.json.0c528c77-4fa9-4513-aebb-546c6d9be005.tmp then renaming to /home/alberto/.config/Insomnia/version-control/projects/prj_42d606abc8d04822aa2a1ef59edd33fd/meta.json
[2025-04-05 01:53:52.049] [info]  [sync] Activated project prj_42d606abc8d04822aa2a1ef59edd33fd
[2025-04-05 01:53:52.049] [info]  [FileSystemDriver] Writing to /projects/prj_42d606abc8d04822aa2a1ef59edd33fd/meta.json
[2025-04-05 01:53:52.050] [info]  [FileSystemDriver] Writing to /home/alberto/.config/Insomnia/version-control/projects/prj_42d606abc8d04822aa2a1ef59edd33fd/meta.json.09068b40-2825-41e8-a727-1e2e7413d081.tmp then renaming to /home/alberto/.config/Insomnia/version-control/projects/prj_42d606abc8d04822aa2a1ef59edd33fd/meta.json
[2025-04-05 01:54:01.125] [info]  [sync] Activated project prj_42d606abc8d04822aa2a1ef59edd33fd
[2025-04-05 01:54:01.125] [info]  [FileSystemDriver] Writing to /projects/prj_42d606abc8d04822aa2a1ef59edd33fd/meta.json
[2025-04-05 01:54:01.126] [info]  [FileSystemDriver] Writing to /home/alberto/.config/Insomnia/version-control/projects/prj_42d606abc8d04822aa2a1ef59edd33fd/meta.json.bb3ad956-604e-47be-b9aa-03cd15ea8599.tmp then renaming to /home/alberto/.config/Insomnia/version-control/projects/prj_42d606abc8d04822aa2a1ef59edd33fd/meta.json
[2025-04-05 01:54:42.575] [info]  [sync] Activated project prj_42d606abc8d04822aa2a1ef59edd33fd
[2025-04-05 01:54:42.576] [info]  [FileSystemDriver] Writing to /projects/prj_42d606abc8d04822aa2a1ef59edd33fd/meta.json
[2025-04-05 01:54:42.576] [info]  [FileSystemDriver] Writing to /home/alberto/.config/Insomnia/version-control/projects/prj_42d606abc8d04822aa2a1ef59edd33fd/meta.json.a5afd639-4d15-43fb-816d-b758bf5f7eb5.tmp then renaming to /home/alberto/.config/Insomnia/version-control/projects/prj_42d606abc8d04822aa2a1ef59edd33fd/meta.json
[2025-04-05 01:54:56.266] [info]  [sync] Activated project prj_42d606abc8d04822aa2a1ef59edd33fd
[2025-04-05 01:54:56.266] [info]  [FileSystemDriver] Writing to /projects/prj_42d606abc8d04822aa2a1ef59edd33fd/meta.json
[2025-04-05 01:54:56.266] [info]  [FileSystemDriver] Writing to /home/alberto/.config/Insomnia/version-control/projects/prj_42d606abc8d04822aa2a1ef59edd33fd/meta.json.456e0ea2-5b85-4e67-90bb-c6cfdaafe2c1.tmp then renaming to /home/alberto/.config/Insomnia/version-control/projects/prj_42d606abc8d04822aa2a1ef59edd33fd/meta.json
[2025-04-05 01:55:01.725] [info]  [network] Response succeeded req=req_b8dfca7cea8b41bbb999a4942f6119c9 status=200
[2025-04-05 01:55:01.859] [info]  [sync] Activated project prj_42d606abc8d04822aa2a1ef59edd33fd
[2025-04-05 01:55:01.859] [info]  [FileSystemDriver] Writing to /projects/prj_42d606abc8d04822aa2a1ef59edd33fd/meta.json
[2025-04-05 01:55:01.860] [info]  [FileSystemDriver] Writing to /home/alberto/.config/Insomnia/version-control/projects/prj_42d606abc8d04822aa2a1ef59edd33fd/meta.json.94e52013-da13-4923-9b91-4943b7d1b35b.tmp then renaming to /home/alberto/.config/Insomnia/version-control/projects/prj_42d606abc8d04822aa2a1ef59edd33fd/meta.json
[2025-04-05 01:55:11.588] [info]  [sync] Activated project prj_42d606abc8d04822aa2a1ef59edd33fd
[2025-04-05 01:55:11.589] [info]  [FileSystemDriver] Writing to /projects/prj_42d606abc8d04822aa2a1ef59edd33fd/meta.json
[2025-04-05 01:55:11.590] [info]  [FileSystemDriver] Writing to /home/alberto/.config/Insomnia/version-control/projects/prj_42d606abc8d04822aa2a1ef59edd33fd/meta.json.cb6b6a6a-f935-4b7d-a916-2f000b13b898.tmp then renaming to /home/alberto/.config/Insomnia/version-control/projects/prj_42d606abc8d04822aa2a1ef59edd33fd/meta.json
[2025-04-05 01:55:28.854] [info]  [sync] Activated project prj_42d606abc8d04822aa2a1ef59edd33fd
[2025-04-05 01:55:28.854] [info]  [FileSystemDriver] Writing to /projects/prj_42d606abc8d04822aa2a1ef59edd33fd/meta.json
[2025-04-05 01:55:28.854] [info]  [FileSystemDriver] Writing to /home/alberto/.config/Insomnia/version-control/projects/prj_42d606abc8d04822aa2a1ef59edd33fd/meta.json.c6b7d347-7de8-442e-9821-c66f80fe3e7c.tmp then renaming to /home/alberto/.config/Insomnia/version-control/projects/prj_42d606abc8d04822aa2a1ef59edd33fd/meta.json
[2025-04-05 01:57:41.778] [info]  [sync] Activated project prj_42d606abc8d04822aa2a1ef59edd33fd
[2025-04-05 01:57:41.779] [info]  [FileSystemDriver] Writing to /projects/prj_42d606abc8d04822aa2a1ef59edd33fd/meta.json
[2025-04-05 01:57:41.780] [info]  [FileSystemDriver] Writing to /home/alberto/.config/Insomnia/version-control/projects/prj_42d606abc8d04822aa2a1ef59edd33fd/meta.json.c6f32828-e0f1-4c2d-b5c2-79c60b23dc91.tmp then renaming to /home/alberto/.config/Insomnia/version-control/projects/prj_42d606abc8d04822aa2a1ef59edd33fd/meta.json
[2025-04-05 01:57:45.414] [info]  [network] Response succeeded req=req_b8dfca7cea8b41bbb999a4942f6119c9 status=500
[2025-04-05 01:57:45.549] [info]  [sync] Activated project prj_42d606abc8d04822aa2a1ef59edd33fd
[2025-04-05 01:57:45.550] [info]  [FileSystemDriver] Writing to /projects/prj_42d606abc8d04822aa2a1ef59edd33fd/meta.json
[2025-04-05 01:57:45.551] [info]  [FileSystemDriver] Writing to /home/alberto/.config/Insomnia/version-control/projects/prj_42d606abc8d04822aa2a1ef59edd33fd/meta.json.65c517ba-8108-469c-bc18-e3e77f1b5001.tmp then renaming to /home/alberto/.config/Insomnia/version-control/projects/prj_42d606abc8d04822aa2a1ef59edd33fd/meta.json
[2025-04-05 01:57:53.812] [info]  [sync] Activated project prj_42d606abc8d04822aa2a1ef59edd33fd
[2025-04-05 01:57:53.812] [info]  [FileSystemDriver] Writing to /projects/prj_42d606abc8d04822aa2a1ef59edd33fd/meta.json
[2025-04-05 01:57:53.813] [info]  [FileSystemDriver] Writing to /home/alberto/.config/Insomnia/version-control/projects/prj_42d606abc8d04822aa2a1ef59edd33fd/meta.json.725ebdd4-1568-4b18-9e86-8cbeafb586aa.tmp then renaming to /home/alberto/.config/Insomnia/version-control/projects/prj_42d606abc8d04822aa2a1ef59edd33fd/meta.json
[2025-04-05 01:57:54.196] [info]  [sync] Activated project prj_42d606abc8d04822aa2a1ef59edd33fd
[2025-04-05 01:57:54.196] [info]  [FileSystemDriver] Writing to /projects/prj_42d606abc8d04822aa2a1ef59edd33fd/meta.json
[2025-04-05 01:57:54.197] [info]  [FileSystemDriver] Writing to /home/alberto/.config/Insomnia/version-control/projects/prj_42d606abc8d04822aa2a1ef59edd33fd/meta.json.1a8317d8-0d53-4c45-9095-872807c51a4c.tmp then renaming to /home/alberto/.config/Insomnia/version-control/projects/prj_42d606abc8d04822aa2a1ef59edd33fd/meta.json
[2025-04-05 01:57:56.466] [info]  [sync] Activated project prj_42d606abc8d04822aa2a1ef59edd33fd
[2025-04-05 01:57:56.466] [info]  [FileSystemDriver] Writing to /projects/prj_42d606abc8d04822aa2a1ef59edd33fd/meta.json
[2025-04-05 01:57:56.466] [info]  [FileSystemDriver] Writing to /home/alberto/.config/Insomnia/version-control/projects/prj_42d606abc8d04822aa2a1ef59edd33fd/meta.json.6995bb92-fc0e-45db-9265-ce4675189bf4.tmp then renaming to /home/alberto/.config/Insomnia/version-control/projects/prj_42d606abc8d04822aa2a1ef59edd33fd/meta.json
[2025-04-05 01:57:57.101] [info]  [sync] Activated project prj_42d606abc8d04822aa2a1ef59edd33fd
[2025-04-05 01:57:57.101] [info]  [FileSystemDriver] Writing to /projects/prj_42d606abc8d04822aa2a1ef59edd33fd/meta.json
[2025-04-05 01:57:57.102] [info]  [FileSystemDriver] Writing to /home/alberto/.config/Insomnia/version-control/projects/prj_42d606abc8d04822aa2a1ef59edd33fd/meta.json.ced65020-6914-42b3-b993-d4c7438bc1d1.tmp then renaming to /home/alberto/.config/Insomnia/version-control/projects/prj_42d606abc8d04822aa2a1ef59edd33fd/meta.json
[2025-04-05 01:57:59.926] [info]  [network] Response succeeded req=req_b8dfca7cea8b41bbb999a4942f6119c9 status=500
[2025-04-05 01:58:00.049] [info]  [sync] Activated project prj_42d606abc8d04822aa2a1ef59edd33fd
[2025-04-05 01:58:00.049] [info]  [FileSystemDriver] Writing to /projects/prj_42d606abc8d04822aa2a1ef59edd33fd/meta.json
[2025-04-05 01:58:00.050] [info]  [FileSystemDriver] Writing to /home/alberto/.config/Insomnia/version-control/projects/prj_42d606abc8d04822aa2a1ef59edd33fd/meta.json.41c52004-fe29-4644-ba42-d9fb6bb872cc.tmp then renaming to /home/alberto/.config/Insomnia/version-control/projects/prj_42d606abc8d04822aa2a1ef59edd33fd/meta.json
[2025-04-05 01:59:41.780] [info]  [sync] Activated project prj_42d606abc8d04822aa2a1ef59edd33fd
[2025-04-05 01:59:41.780] [info]  [FileSystemDriver] Writing to /projects/prj_42d606abc8d04822aa2a1ef59edd33fd/meta.json
[2025-04-05 01:59:41.781] [info]  [FileSystemDriver] Writing to /home/alberto/.config/Insomnia/version-control/projects/prj_42d606abc8d04822aa2a1ef59edd33fd/meta.json.486802d6-4365-4b79-89b9-0191669b2511.tmp then renaming to /home/alberto/.config/Insomnia/version-control/projects/prj_42d606abc8d04822aa2a1ef59edd33fd/meta.json
[2025-04-05 01:59:51.624] [info]  [sync] Activated project prj_42d606abc8d04822aa2a1ef59edd33fd
[2025-04-05 01:59:51.624] [info]  [FileSystemDriver] Writing to /projects/prj_42d606abc8d04822aa2a1ef59edd33fd/meta.json
[2025-04-05 01:59:51.625] [info]  [FileSystemDriver] Writing to /home/alberto/.config/Insomnia/version-control/projects/prj_42d606abc8d04822aa2a1ef59edd33fd/meta.json.61a6da18-f234-43cb-b727-1654abb7374a.tmp then renaming to /home/alberto/.config/Insomnia/version-control/projects/prj_42d606abc8d04822aa2a1ef59edd33fd/meta.json
[2025-04-05 01:59:54.190] [info]  [sync] Activated project prj_42d606abc8d04822aa2a1ef59edd33fd
[2025-04-05 01:59:54.190] [info]  [FileSystemDriver] Writing to /projects/prj_42d606abc8d04822aa2a1ef59edd33fd/meta.json
[2025-04-05 01:59:54.191] [info]  [FileSystemDriver] Writing to /home/alberto/.config/Insomnia/version-control/projects/prj_42d606abc8d04822aa2a1ef59edd33fd/meta.json.63bb577b-10a7-40f4-92c1-afadde38f26b.tmp then renaming to /home/alberto/.config/Insomnia/version-control/projects/prj_42d606abc8d04822aa2a1ef59edd33fd/meta.json
[2025-04-05 01:59:54.768] [info]  [sync] Activated project prj_42d606abc8d04822aa2a1ef59edd33fd
[2025-04-05 01:59:54.768] [info]  [FileSystemDriver] Writing to /projects/prj_42d606abc8d04822aa2a1ef59edd33fd/meta.json
[2025-04-05 01:59:54.769] [info]  [FileSystemDriver] Writing to /home/alberto/.config/Insomnia/version-control/projects/prj_42d606abc8d04822aa2a1ef59edd33fd/meta.json.c2c54b56-042e-4268-8d44-87642bf93146.tmp then renaming to /home/alberto/.config/Insomnia/version-control/projects/prj_42d606abc8d04822aa2a1ef59edd33fd/meta.json
[2025-04-05 01:59:58.127] [info]  [sync] Activated project prj_42d606abc8d04822aa2a1ef59edd33fd
[2025-04-05 01:59:58.127] [info]  [FileSystemDriver] Writing to /projects/prj_42d606abc8d04822aa2a1ef59edd33fd/meta.json
[2025-04-05 01:59:58.128] [info]  [FileSystemDriver] Writing to /home/alberto/.config/Insomnia/version-control/projects/prj_42d606abc8d04822aa2a1ef59edd33fd/meta.json.0a4e0ae4-c921-4055-add5-0ecf04fd71b9.tmp then renaming to /home/alberto/.config/Insomnia/version-control/projects/prj_42d606abc8d04822aa2a1ef59edd33fd/meta.json
[2025-04-05 01:59:58.792] [info]  [sync] Activated project prj_42d606abc8d04822aa2a1ef59edd33fd
[2025-04-05 01:59:58.793] [info]  [FileSystemDriver] Writing to /projects/prj_42d606abc8d04822aa2a1ef59edd33fd/meta.json
[2025-04-05 01:59:58.793] [info]  [FileSystemDriver] Writing to /home/alberto/.config/Insomnia/version-control/projects/prj_42d606abc8d04822aa2a1ef59edd33fd/meta.json.d84f9204-5e02-42b1-b224-03a7c9af2aa5.tmp then renaming to /home/alberto/.config/Insomnia/version-control/projects/prj_42d606abc8d04822aa2a1ef59edd33fd/meta.json
[2025-04-05 02:00:03.632] [info]  [network] Response succeeded req=req_b8dfca7cea8b41bbb999a4942f6119c9 status=500
[2025-04-05 02:00:03.761] [info]  [sync] Activated project prj_42d606abc8d04822aa2a1ef59edd33fd
[2025-04-05 02:00:03.762] [info]  [FileSystemDriver] Writing to /projects/prj_42d606abc8d04822aa2a1ef59edd33fd/meta.json
[2025-04-05 02:00:03.762] [info]  [FileSystemDriver] Writing to /home/alberto/.config/Insomnia/version-control/projects/prj_42d606abc8d04822aa2a1ef59edd33fd/meta.json.50ed00ca-2de9-431d-9cfc-83eb4235335f.tmp then renaming to /home/alberto/.config/Insomnia/version-control/projects/prj_42d606abc8d04822aa2a1ef59edd33fd/meta.json
[2025-04-05 02:00:09.611] [info]  [sync] Activated project prj_42d606abc8d04822aa2a1ef59edd33fd
[2025-04-05 02:00:09.611] [info]  [FileSystemDriver] Writing to /projects/prj_42d606abc8d04822aa2a1ef59edd33fd/meta.json
[2025-04-05 02:00:09.612] [info]  [FileSystemDriver] Writing to /home/alberto/.config/Insomnia/version-control/projects/prj_42d606abc8d04822aa2a1ef59edd33fd/meta.json.5ba8e67b-b524-41bb-b2cb-cdddfaa8ab15.tmp then renaming to /home/alberto/.config/Insomnia/version-control/projects/prj_42d606abc8d04822aa2a1ef59edd33fd/meta.json
[2025-04-05 02:00:15.284] [info]  [sync] Activated project prj_42d606abc8d04822aa2a1ef59edd33fd
[2025-04-05 02:00:15.284] [info]  [FileSystemDriver] Writing to /projects/prj_42d606abc8d04822aa2a1ef59edd33fd/meta.json
[2025-04-05 02:00:15.284] [info]  [FileSystemDriver] Writing to /home/alberto/.config/Insomnia/version-control/projects/prj_42d606abc8d04822aa2a1ef59edd33fd/meta.json.82990b2c-0e51-4ffc-8be4-ba3a6f9a9cc9.tmp then renaming to /home/alberto/.config/Insomnia/version-control/projects/prj_42d606abc8d04822aa2a1ef59edd33fd/meta.json
[2025-04-05 02:00:15.548] [info]  [sync] Activated project prj_42d606abc8d04822aa2a1ef59edd33fd
[2025-04-05 02:00:15.548] [info]  [FileSystemDriver] Writing to /projects/prj_42d606abc8d04822aa2a1ef59edd33fd/meta.json
[2025-04-05 02:00:15.551] [info]  [FileSystemDriver] Writing to /home/alberto/.config/Insomnia/version-control/projects/prj_42d606abc8d04822aa2a1ef59edd33fd/meta.json.a25dbbb7-a245-4d9b-80b2-5f171d8c1bd1.tmp then renaming to /home/alberto/.config/Insomnia/version-control/projects/prj_42d606abc8d04822aa2a1ef59edd33fd/meta.json
[2025-04-05 02:00:15.570] [info]  [sync] Activated project prj_42d606abc8d04822aa2a1ef59edd33fd
[2025-04-05 02:00:15.570] [info]  [FileSystemDriver] Writing to /projects/prj_42d606abc8d04822aa2a1ef59edd33fd/meta.json
[2025-04-05 02:00:15.571] [info]  [FileSystemDriver] Writing to /home/alberto/.config/Insomnia/version-control/projects/prj_42d606abc8d04822aa2a1ef59edd33fd/meta.json.ad134eb4-7afa-4848-95f5-1ec30d2b2758.tmp then renaming to /home/alberto/.config/Insomnia/version-control/projects/prj_42d606abc8d04822aa2a1ef59edd33fd/meta.json
[2025-04-05 02:00:15.746] [info]  [sync] Activated project prj_42d606abc8d04822aa2a1ef59edd33fd
[2025-04-05 02:00:15.746] [info]  [FileSystemDriver] Writing to /projects/prj_42d606abc8d04822aa2a1ef59edd33fd/meta.json
[2025-04-05 02:00:15.747] [info]  [FileSystemDriver] Writing to /home/alberto/.config/Insomnia/version-control/projects/prj_42d606abc8d04822aa2a1ef59edd33fd/meta.json.23673aff-966a-42a8-96ce-10121c3b8031.tmp then renaming to /home/alberto/.config/Insomnia/version-control/projects/prj_42d606abc8d04822aa2a1ef59edd33fd/meta.json
[2025-04-05 02:00:16.133] [info]  [sync] Activated project prj_42d606abc8d04822aa2a1ef59edd33fd
[2025-04-05 02:00:16.134] [info]  [FileSystemDriver] Writing to /projects/prj_42d606abc8d04822aa2a1ef59edd33fd/meta.json
[2025-04-05 02:00:16.134] [info]  [FileSystemDriver] Writing to /home/alberto/.config/Insomnia/version-control/projects/prj_42d606abc8d04822aa2a1ef59edd33fd/meta.json.71003094-c63b-48bc-9281-a1350ef72c7c.tmp then renaming to /home/alberto/.config/Insomnia/version-control/projects/prj_42d606abc8d04822aa2a1ef59edd33fd/meta.json
[2025-04-05 02:00:16.143] [info]  [sync] Activated project prj_42d606abc8d04822aa2a1ef59edd33fd
[2025-04-05 02:00:16.143] [info]  [FileSystemDriver] Writing to /projects/prj_42d606abc8d04822aa2a1ef59edd33fd/meta.json
[2025-04-05 02:00:16.144] [info]  [FileSystemDriver] Writing to /home/alberto/.config/Insomnia/version-control/projects/prj_42d606abc8d04822aa2a1ef59edd33fd/meta.json.44f095ee-25ca-466f-82b2-214df826b8f2.tmp then renaming to /home/alberto/.config/Insomnia/version-control/projects/prj_42d606abc8d04822aa2a1ef59edd33fd/meta.json
[2025-04-05 02:00:16.294] [info]  [sync] Activated project prj_42d606abc8d04822aa2a1ef59edd33fd
[2025-04-05 02:00:16.295] [info]  [FileSystemDriver] Writing to /projects/prj_42d606abc8d04822aa2a1ef59edd33fd/meta.json
[2025-04-05 02:00:16.295] [info]  [FileSystemDriver] Writing to /home/alberto/.config/Insomnia/version-control/projects/prj_42d606abc8d04822aa2a1ef59edd33fd/meta.json.6130a701-8eb3-48b6-b658-b2bd8ac9bfdf.tmp then renaming to /home/alberto/.config/Insomnia/version-control/projects/prj_42d606abc8d04822aa2a1ef59edd33fd/meta.json
[2025-04-05 02:00:16.403] [info]  [sync] Activated project prj_42d606abc8d04822aa2a1ef59edd33fd
[2025-04-05 02:00:16.403] [info]  [FileSystemDriver] Writing to /projects/prj_42d606abc8d04822aa2a1ef59edd33fd/meta.json
[2025-04-05 02:00:16.404] [info]  [FileSystemDriver] Writing to /home/alberto/.config/Insomnia/version-control/projects/prj_42d606abc8d04822aa2a1ef59edd33fd/meta.json.a2455724-4972-4dff-96a3-0f7444260fd4.tmp then renaming to /home/alberto/.config/Insomnia/version-control/projects/prj_42d606abc8d04822aa2a1ef59edd33fd/meta.json
[2025-04-05 02:00:16.597] [info]  [sync] Activated project prj_42d606abc8d04822aa2a1ef59edd33fd
[2025-04-05 02:00:16.598] [info]  [FileSystemDriver] Writing to /projects/prj_42d606abc8d04822aa2a1ef59edd33fd/meta.json
[2025-04-05 02:00:16.598] [info]  [FileSystemDriver] Writing to /home/alberto/.config/Insomnia/version-control/projects/prj_42d606abc8d04822aa2a1ef59edd33fd/meta.json.a581a8cb-80d4-41bf-a990-a70b40d7b46d.tmp then renaming to /home/alberto/.config/Insomnia/version-control/projects/prj_42d606abc8d04822aa2a1ef59edd33fd/meta.json
[2025-04-05 02:00:16.768] [info]  [sync] Activated project prj_42d606abc8d04822aa2a1ef59edd33fd
[2025-04-05 02:00:16.768] [info]  [FileSystemDriver] Writing to /projects/prj_42d606abc8d04822aa2a1ef59edd33fd/meta.json
[2025-04-05 02:00:16.768] [info]  [FileSystemDriver] Writing to /home/alberto/.config/Insomnia/version-control/projects/prj_42d606abc8d04822aa2a1ef59edd33fd/meta.json.23352a60-5029-4a01-a9ef-f47d2264a2c2.tmp then renaming to /home/alberto/.config/Insomnia/version-control/projects/prj_42d606abc8d04822aa2a1ef59edd33fd/meta.json
[2025-04-05 02:00:17.129] [info]  [sync] Activated project prj_42d606abc8d04822aa2a1ef59edd33fd
[2025-04-05 02:00:17.129] [info]  [FileSystemDriver] Writing to /projects/prj_42d606abc8d04822aa2a1ef59edd33fd/meta.json
[2025-04-05 02:00:17.130] [info]  [FileSystemDriver] Writing to /home/alberto/.config/Insomnia/version-control/projects/prj_42d606abc8d04822aa2a1ef59edd33fd/meta.json.69a1b4ee-01ff-45c2-98c2-96f925c3dd63.tmp then renaming to /home/alberto/.config/Insomnia/version-control/projects/prj_42d606abc8d04822aa2a1ef59edd33fd/meta.json
[2025-04-05 02:00:17.516] [info]  [sync] Activated project prj_42d606abc8d04822aa2a1ef59edd33fd
[2025-04-05 02:00:17.517] [info]  [FileSystemDriver] Writing to /projects/prj_42d606abc8d04822aa2a1ef59edd33fd/meta.json
[2025-04-05 02:00:17.518] [info]  [FileSystemDriver] Writing to /home/alberto/.config/Insomnia/version-control/projects/prj_42d606abc8d04822aa2a1ef59edd33fd/meta.json.5b9eb1e1-3d90-4f54-8f99-6f45bd23810b.tmp then renaming to /home/alberto/.config/Insomnia/version-control/projects/prj_42d606abc8d04822aa2a1ef59edd33fd/meta.json
[2025-04-05 02:00:17.973] [info]  [sync] Activated project prj_42d606abc8d04822aa2a1ef59edd33fd
[2025-04-05 02:00:17.974] [info]  [FileSystemDriver] Writing to /projects/prj_42d606abc8d04822aa2a1ef59edd33fd/meta.json
[2025-04-05 02:00:17.974] [info]  [FileSystemDriver] Writing to /home/alberto/.config/Insomnia/version-control/projects/prj_42d606abc8d04822aa2a1ef59edd33fd/meta.json.b1ca90a0-2c50-434f-a4a7-5ebaee24de50.tmp then renaming to /home/alberto/.config/Insomnia/version-control/projects/prj_42d606abc8d04822aa2a1ef59edd33fd/meta.json
[2025-04-05 02:00:18.150] [info]  [sync] Activated project prj_42d606abc8d04822aa2a1ef59edd33fd
[2025-04-05 02:00:18.150] [info]  [FileSystemDriver] Writing to /projects/prj_42d606abc8d04822aa2a1ef59edd33fd/meta.json
[2025-04-05 02:00:18.150] [info]  [FileSystemDriver] Writing to /home/alberto/.config/Insomnia/version-control/projects/prj_42d606abc8d04822aa2a1ef59edd33fd/meta.json.ac7d9298-0e62-4815-bd65-5a5af8f0a2fd.tmp then renaming to /home/alberto/.config/Insomnia/version-control/projects/prj_42d606abc8d04822aa2a1ef59edd33fd/meta.json
[2025-04-05 02:00:18.343] [info]  [sync] Activated project prj_42d606abc8d04822aa2a1ef59edd33fd
[2025-04-05 02:00:18.343] [info]  [FileSystemDriver] Writing to /projects/prj_42d606abc8d04822aa2a1ef59edd33fd/meta.json
[2025-04-05 02:00:18.344] [info]  [FileSystemDriver] Writing to /home/alberto/.config/Insomnia/version-control/projects/prj_42d606abc8d04822aa2a1ef59edd33fd/meta.json.2d723665-e244-406e-937b-870ef1566ed2.tmp then renaming to /home/alberto/.config/Insomnia/version-control/projects/prj_42d606abc8d04822aa2a1ef59edd33fd/meta.json
[2025-04-05 02:00:18.700] [info]  [sync] Activated project prj_42d606abc8d04822aa2a1ef59edd33fd
[2025-04-05 02:00:18.701] [info]  [FileSystemDriver] Writing to /projects/prj_42d606abc8d04822aa2a1ef59edd33fd/meta.json
[2025-04-05 02:00:18.701] [info]  [FileSystemDriver] Writing to /home/alberto/.config/Insomnia/version-control/projects/prj_42d606abc8d04822aa2a1ef59edd33fd/meta.json.357ab1ab-afeb-4f80-9847-9f7f5bc16f7e.tmp then renaming to /home/alberto/.config/Insomnia/version-control/projects/prj_42d606abc8d04822aa2a1ef59edd33fd/meta.json
[2025-04-05 02:00:18.957] [info]  [sync] Activated project prj_42d606abc8d04822aa2a1ef59edd33fd
[2025-04-05 02:00:18.957] [info]  [FileSystemDriver] Writing to /projects/prj_42d606abc8d04822aa2a1ef59edd33fd/meta.json
[2025-04-05 02:00:18.958] [info]  [FileSystemDriver] Writing to /home/alberto/.config/Insomnia/version-control/projects/prj_42d606abc8d04822aa2a1ef59edd33fd/meta.json.6473ecce-abf1-4d25-bdef-e365fc6525ab.tmp then renaming to /home/alberto/.config/Insomnia/version-control/projects/prj_42d606abc8d04822aa2a1ef59edd33fd/meta.json
[2025-04-05 02:00:21.312] [info]  [sync] Activated project prj_42d606abc8d04822aa2a1ef59edd33fd
[2025-04-05 02:00:21.313] [info]  [FileSystemDriver] Writing to /projects/prj_42d606abc8d04822aa2a1ef59edd33fd/meta.json
[2025-04-05 02:00:21.314] [info]  [FileSystemDriver] Writing to /home/alberto/.config/Insomnia/version-control/projects/prj_42d606abc8d04822aa2a1ef59edd33fd/meta.json.88a940bd-c6f4-499f-b0ed-32bf4b9f7f10.tmp then renaming to /home/alberto/.config/Insomnia/version-control/projects/prj_42d606abc8d04822aa2a1ef59edd33fd/meta.json
[2025-04-05 02:00:21.481] [info]  [sync] Activated project prj_42d606abc8d04822aa2a1ef59edd33fd
[2025-04-05 02:00:21.481] [info]  [FileSystemDriver] Writing to /projects/prj_42d606abc8d04822aa2a1ef59edd33fd/meta.json
[2025-04-05 02:00:21.482] [info]  [FileSystemDriver] Writing to /home/alberto/.config/Insomnia/version-control/projects/prj_42d606abc8d04822aa2a1ef59edd33fd/meta.json.938f4a08-f2bb-4f8d-b523-5c98a1ff9ee2.tmp then renaming to /home/alberto/.config/Insomnia/version-control/projects/prj_42d606abc8d04822aa2a1ef59edd33fd/meta.json
[2025-04-05 02:00:21.701] [info]  [sync] Activated project prj_42d606abc8d04822aa2a1ef59edd33fd
[2025-04-05 02:00:21.701] [info]  [FileSystemDriver] Writing to /projects/prj_42d606abc8d04822aa2a1ef59edd33fd/meta.json
[2025-04-05 02:00:21.701] [info]  [FileSystemDriver] Writing to /home/alberto/.config/Insomnia/version-control/projects/prj_42d606abc8d04822aa2a1ef59edd33fd/meta.json.eff28a34-d818-453f-85e6-b5e251cd2884.tmp then renaming to /home/alberto/.config/Insomnia/version-control/projects/prj_42d606abc8d04822aa2a1ef59edd33fd/meta.json
[2025-04-05 02:00:22.456] [info]  [sync] Activated project prj_42d606abc8d04822aa2a1ef59edd33fd
[2025-04-05 02:00:22.456] [info]  [FileSystemDriver] Writing to /projects/prj_42d606abc8d04822aa2a1ef59edd33fd/meta.json
[2025-04-05 02:00:22.456] [info]  [FileSystemDriver] Writing to /home/alberto/.config/Insomnia/version-control/projects/prj_42d606abc8d04822aa2a1ef59edd33fd/meta.json.5b61d9ae-da92-4983-9bc8-aa6bb0b4a0a4.tmp then renaming to /home/alberto/.config/Insomnia/version-control/projects/prj_42d606abc8d04822aa2a1ef59edd33fd/meta.json
[2025-04-05 02:00:22.615] [info]  [sync] Activated project prj_42d606abc8d04822aa2a1ef59edd33fd
[2025-04-05 02:00:22.615] [info]  [FileSystemDriver] Writing to /projects/prj_42d606abc8d04822aa2a1ef59edd33fd/meta.json
[2025-04-05 02:00:22.616] [info]  [FileSystemDriver] Writing to /home/alberto/.config/Insomnia/version-control/projects/prj_42d606abc8d04822aa2a1ef59edd33fd/meta.json.7501832d-d362-4764-b950-7a34b5ca7492.tmp then renaming to /home/alberto/.config/Insomnia/version-control/projects/prj_42d606abc8d04822aa2a1ef59edd33fd/meta.json
[2025-04-05 02:00:22.856] [info]  [sync] Activated project prj_42d606abc8d04822aa2a1ef59edd33fd
[2025-04-05 02:00:22.856] [info]  [FileSystemDriver] Writing to /projects/prj_42d606abc8d04822aa2a1ef59edd33fd/meta.json
[2025-04-05 02:00:22.856] [info]  [FileSystemDriver] Writing to /home/alberto/.config/Insomnia/version-control/projects/prj_42d606abc8d04822aa2a1ef59edd33fd/meta.json.aa3c98eb-4a8f-4deb-9350-4c91a8da360a.tmp then renaming to /home/alberto/.config/Insomnia/version-control/projects/prj_42d606abc8d04822aa2a1ef59edd33fd/meta.json
[2025-04-05 02:00:22.868] [info]  [sync] Activated project prj_42d606abc8d04822aa2a1ef59edd33fd
[2025-04-05 02:00:22.868] [info]  [FileSystemDriver] Writing to /projects/prj_42d606abc8d04822aa2a1ef59edd33fd/meta.json
[2025-04-05 02:00:22.868] [info]  [FileSystemDriver] Writing to /home/alberto/.config/Insomnia/version-control/projects/prj_42d606abc8d04822aa2a1ef59edd33fd/meta.json.ede966d2-9479-46fc-a701-835f428668a1.tmp then renaming to /home/alberto/.config/Insomnia/version-control/projects/prj_42d606abc8d04822aa2a1ef59edd33fd/meta.json
[2025-04-05 02:00:24.545] [info]  [sync] Activated project prj_42d606abc8d04822aa2a1ef59edd33fd
[2025-04-05 02:00:24.545] [info]  [FileSystemDriver] Writing to /projects/prj_42d606abc8d04822aa2a1ef59edd33fd/meta.json
[2025-04-05 02:00:24.545] [info]  [FileSystemDriver] Writing to /home/alberto/.config/Insomnia/version-control/projects/prj_42d606abc8d04822aa2a1ef59edd33fd/meta.json.407348a1-402e-4013-92a2-e089e3fdc1e1.tmp then renaming to /home/alberto/.config/Insomnia/version-control/projects/prj_42d606abc8d04822aa2a1ef59edd33fd/meta.json
[2025-04-05 02:00:25.329] [info]  [sync] Activated project prj_42d606abc8d04822aa2a1ef59edd33fd
[2025-04-05 02:00:25.329] [info]  [FileSystemDriver] Writing to /projects/prj_42d606abc8d04822aa2a1ef59edd33fd/meta.json
[2025-04-05 02:00:25.330] [info]  [FileSystemDriver] Writing to /home/alberto/.config/Insomnia/version-control/projects/prj_42d606abc8d04822aa2a1ef59edd33fd/meta.json.05012ea3-ecb5-4306-b0ab-3144620b33a2.tmp then renaming to /home/alberto/.config/Insomnia/version-control/projects/prj_42d606abc8d04822aa2a1ef59edd33fd/meta.json
[2025-04-05 02:00:25.471] [info]  [sync] Activated project prj_42d606abc8d04822aa2a1ef59edd33fd
[2025-04-05 02:00:25.471] [info]  [FileSystemDriver] Writing to /projects/prj_42d606abc8d04822aa2a1ef59edd33fd/meta.json
[2025-04-05 02:00:25.472] [info]  [FileSystemDriver] Writing to /home/alberto/.config/Insomnia/version-control/projects/prj_42d606abc8d04822aa2a1ef59edd33fd/meta.json.b46a52c2-fe9b-400e-ae78-9d9841615102.tmp then renaming to /home/alberto/.config/Insomnia/version-control/projects/prj_42d606abc8d04822aa2a1ef59edd33fd/meta.json
[2025-04-05 02:00:25.610] [info]  [sync] Activated project prj_42d606abc8d04822aa2a1ef59edd33fd
[2025-04-05 02:00:25.610] [info]  [FileSystemDriver] Writing to /projects/prj_42d606abc8d04822aa2a1ef59edd33fd/meta.json
[2025-04-05 02:00:25.610] [info]  [FileSystemDriver] Writing to /home/alberto/.config/Insomnia/version-control/projects/prj_42d606abc8d04822aa2a1ef59edd33fd/meta.json.87beacae-d60a-45e2-9595-32eabb49e1dd.tmp then renaming to /home/alberto/.config/Insomnia/version-control/projects/prj_42d606abc8d04822aa2a1ef59edd33fd/meta.json
[2025-04-05 02:00:25.844] [info]  [sync] Activated project prj_42d606abc8d04822aa2a1ef59edd33fd
[2025-04-05 02:00:25.844] [info]  [FileSystemDriver] Writing to /projects/prj_42d606abc8d04822aa2a1ef59edd33fd/meta.json
[2025-04-05 02:00:25.845] [info]  [FileSystemDriver] Writing to /home/alberto/.config/Insomnia/version-control/projects/prj_42d606abc8d04822aa2a1ef59edd33fd/meta.json.dc9934a4-6b60-42a8-a0e0-36f2c0054cbf.tmp then renaming to /home/alberto/.config/Insomnia/version-control/projects/prj_42d606abc8d04822aa2a1ef59edd33fd/meta.json
[2025-04-05 02:00:25.849] [info]  [sync] Activated project prj_42d606abc8d04822aa2a1ef59edd33fd
[2025-04-05 02:00:25.849] [info]  [FileSystemDriver] Writing to /projects/prj_42d606abc8d04822aa2a1ef59edd33fd/meta.json
[2025-04-05 02:00:25.850] [info]  [FileSystemDriver] Writing to /home/alberto/.config/Insomnia/version-control/projects/prj_42d606abc8d04822aa2a1ef59edd33fd/meta.json.c5d96aa3-f8bd-4603-90f7-4070289f03df.tmp then renaming to /home/alberto/.config/Insomnia/version-control/projects/prj_42d606abc8d04822aa2a1ef59edd33fd/meta.json
[2025-04-05 02:00:26.056] [info]  [sync] Activated project prj_42d606abc8d04822aa2a1ef59edd33fd
[2025-04-05 02:00:26.057] [info]  [FileSystemDriver] Writing to /projects/prj_42d606abc8d04822aa2a1ef59edd33fd/meta.json
[2025-04-05 02:00:26.057] [info]  [FileSystemDriver] Writing to /home/alberto/.config/Insomnia/version-control/projects/prj_42d606abc8d04822aa2a1ef59edd33fd/meta.json.f273f2f8-a11a-4e65-a105-3a689e5ce618.tmp then renaming to /home/alberto/.config/Insomnia/version-control/projects/prj_42d606abc8d04822aa2a1ef59edd33fd/meta.json
[2025-04-05 02:00:33.379] [info]  [sync] Activated project prj_42d606abc8d04822aa2a1ef59edd33fd
[2025-04-05 02:00:33.379] [info]  [FileSystemDriver] Writing to /projects/prj_42d606abc8d04822aa2a1ef59edd33fd/meta.json
[2025-04-05 02:00:33.379] [info]  [FileSystemDriver] Writing to /home/alberto/.config/Insomnia/version-control/projects/prj_42d606abc8d04822aa2a1ef59edd33fd/meta.json.244697ce-bb30-41fc-b036-41742faf1c01.tmp then renaming to /home/alberto/.config/Insomnia/version-control/projects/prj_42d606abc8d04822aa2a1ef59edd33fd/meta.json
[2025-04-05 02:00:35.774] [info]  [network] Response succeeded req=req_b8dfca7cea8b41bbb999a4942f6119c9 status=500
[2025-04-05 02:00:35.891] [info]  [sync] Activated project prj_42d606abc8d04822aa2a1ef59edd33fd
[2025-04-05 02:00:35.892] [info]  [FileSystemDriver] Writing to /projects/prj_42d606abc8d04822aa2a1ef59edd33fd/meta.json
[2025-04-05 02:00:35.893] [info]  [FileSystemDriver] Writing to /home/alberto/.config/Insomnia/version-control/projects/prj_42d606abc8d04822aa2a1ef59edd33fd/meta.json.bfd38eeb-cfda-4c12-a0ca-e63c0f9d3780.tmp then renaming to /home/alberto/.config/Insomnia/version-control/projects/prj_42d606abc8d04822aa2a1ef59edd33fd/meta.json
[2025-04-05 02:00:52.823] [info]  [sync] Activated project prj_42d606abc8d04822aa2a1ef59edd33fd
[2025-04-05 02:00:52.823] [info]  [FileSystemDriver] Writing to /projects/prj_42d606abc8d04822aa2a1ef59edd33fd/meta.json
[2025-04-05 02:00:52.824] [info]  [FileSystemDriver] Writing to /home/alberto/.config/Insomnia/version-control/projects/prj_42d606abc8d04822aa2a1ef59edd33fd/meta.json.9f4f7d4e-d09e-4e44-8003-d4911854c160.tmp then renaming to /home/alberto/.config/Insomnia/version-control/projects/prj_42d606abc8d04822aa2a1ef59edd33fd/meta.json
[2025-04-05 02:00:57.323] [info]  [sync] Activated project prj_42d606abc8d04822aa2a1ef59edd33fd
[2025-04-05 02:00:57.323] [info]  [FileSystemDriver] Writing to /projects/prj_42d606abc8d04822aa2a1ef59edd33fd/meta.json
[2025-04-05 02:00:57.324] [info]  [FileSystemDriver] Writing to /home/alberto/.config/Insomnia/version-control/projects/prj_42d606abc8d04822aa2a1ef59edd33fd/meta.json.b21bc9ac-5e4b-48e8-b82b-c8ae2a44902f.tmp then renaming to /home/alberto/.config/Insomnia/version-control/projects/prj_42d606abc8d04822aa2a1ef59edd33fd/meta.json
[2025-04-05 02:00:58.269] [info]  [sync] Activated project prj_42d606abc8d04822aa2a1ef59edd33fd
[2025-04-05 02:00:58.269] [info]  [FileSystemDriver] Writing to /projects/prj_42d606abc8d04822aa2a1ef59edd33fd/meta.json
[2025-04-05 02:00:58.269] [info]  [FileSystemDriver] Writing to /home/alberto/.config/Insomnia/version-control/projects/prj_42d606abc8d04822aa2a1ef59edd33fd/meta.json.06b042a4-da84-431b-8ef4-3b89be972063.tmp then renaming to /home/alberto/.config/Insomnia/version-control/projects/prj_42d606abc8d04822aa2a1ef59edd33fd/meta.json
[2025-04-05 02:00:58.448] [info]  [sync] Activated project prj_42d606abc8d04822aa2a1ef59edd33fd
[2025-04-05 02:00:58.448] [info]  [FileSystemDriver] Writing to /projects/prj_42d606abc8d04822aa2a1ef59edd33fd/meta.json
[2025-04-05 02:00:58.449] [info]  [FileSystemDriver] Writing to /home/alberto/.config/Insomnia/version-control/projects/prj_42d606abc8d04822aa2a1ef59edd33fd/meta.json.1b616e88-77d9-48cc-ae67-894044e14345.tmp then renaming to /home/alberto/.config/Insomnia/version-control/projects/prj_42d606abc8d04822aa2a1ef59edd33fd/meta.json
[2025-04-05 02:00:58.675] [info]  [sync] Activated project prj_42d606abc8d04822aa2a1ef59edd33fd
[2025-04-05 02:00:58.675] [info]  [FileSystemDriver] Writing to /projects/prj_42d606abc8d04822aa2a1ef59edd33fd/meta.json
[2025-04-05 02:00:58.708] [info]  [FileSystemDriver] Writing to /home/alberto/.config/Insomnia/version-control/projects/prj_42d606abc8d04822aa2a1ef59edd33fd/meta.json.a36c4b34-3894-47e8-ae10-862b27d59263.tmp then renaming to /home/alberto/.config/Insomnia/version-control/projects/prj_42d606abc8d04822aa2a1ef59edd33fd/meta.json
[2025-04-05 02:00:58.780] [info]  [sync] Activated project prj_42d606abc8d04822aa2a1ef59edd33fd
[2025-04-05 02:00:58.780] [info]  [FileSystemDriver] Writing to /projects/prj_42d606abc8d04822aa2a1ef59edd33fd/meta.json
[2025-04-05 02:00:58.781] [info]  [FileSystemDriver] Writing to /home/alberto/.config/Insomnia/version-control/projects/prj_42d606abc8d04822aa2a1ef59edd33fd/meta.json.3e379397-2675-4414-9fab-cd640f0330ff.tmp then renaming to /home/alberto/.config/Insomnia/version-control/projects/prj_42d606abc8d04822aa2a1ef59edd33fd/meta.json
[2025-04-05 02:00:59.270] [info]  [sync] Activated project prj_42d606abc8d04822aa2a1ef59edd33fd
[2025-04-05 02:00:59.271] [info]  [FileSystemDriver] Writing to /projects/prj_42d606abc8d04822aa2a1ef59edd33fd/meta.json
[2025-04-05 02:00:59.271] [info]  [FileSystemDriver] Writing to /home/alberto/.config/Insomnia/version-control/projects/prj_42d606abc8d04822aa2a1ef59edd33fd/meta.json.974bd42b-3ef6-4e84-8c1e-87fc938c0831.tmp then renaming to /home/alberto/.config/Insomnia/version-control/projects/prj_42d606abc8d04822aa2a1ef59edd33fd/meta.json
[2025-04-05 02:01:00.910] [info]  [sync] Activated project prj_42d606abc8d04822aa2a1ef59edd33fd
[2025-04-05 02:01:00.910] [info]  [FileSystemDriver] Writing to /projects/prj_42d606abc8d04822aa2a1ef59edd33fd/meta.json
[2025-04-05 02:01:00.911] [info]  [FileSystemDriver] Writing to /home/alberto/.config/Insomnia/version-control/projects/prj_42d606abc8d04822aa2a1ef59edd33fd/meta.json.dd3f0ee7-ed64-41fe-9df3-0327bb3f2d8f.tmp then renaming to /home/alberto/.config/Insomnia/version-control/projects/prj_42d606abc8d04822aa2a1ef59edd33fd/meta.json
[2025-04-05 02:01:07.785] [info]  [sync] Activated project prj_42d606abc8d04822aa2a1ef59edd33fd
[2025-04-05 02:01:07.786] [info]  [FileSystemDriver] Writing to /projects/prj_42d606abc8d04822aa2a1ef59edd33fd/meta.json
[2025-04-05 02:01:07.786] [info]  [FileSystemDriver] Writing to /home/alberto/.config/Insomnia/version-control/projects/prj_42d606abc8d04822aa2a1ef59edd33fd/meta.json.6c80d2df-0dc1-4cde-9859-5b73e2e0f539.tmp then renaming to /home/alberto/.config/Insomnia/version-control/projects/prj_42d606abc8d04822aa2a1ef59edd33fd/meta.json
[2025-04-05 02:02:08.698] [info]  [sync] Activated project prj_42d606abc8d04822aa2a1ef59edd33fd
[2025-04-05 02:02:08.699] [info]  [FileSystemDriver] Writing to /projects/prj_42d606abc8d04822aa2a1ef59edd33fd/meta.json
[2025-04-05 02:02:08.699] [info]  [FileSystemDriver] Writing to /home/alberto/.config/Insomnia/version-control/projects/prj_42d606abc8d04822aa2a1ef59edd33fd/meta.json.10bbaaa1-af95-4eaa-858d-6a6f5806ab13.tmp then renaming to /home/alberto/.config/Insomnia/version-control/projects/prj_42d606abc8d04822aa2a1ef59edd33fd/meta.json
[2025-04-05 02:02:11.333] [info]  [network] Response succeeded req=req_b8dfca7cea8b41bbb999a4942f6119c9 status=200
[2025-04-05 02:02:11.442] [info]  [sync] Activated project prj_42d606abc8d04822aa2a1ef59edd33fd
[2025-04-05 02:02:11.443] [info]  [FileSystemDriver] Writing to /projects/prj_42d606abc8d04822aa2a1ef59edd33fd/meta.json
[2025-04-05 02:02:11.443] [info]  [FileSystemDriver] Writing to /home/alberto/.config/Insomnia/version-control/projects/prj_42d606abc8d04822aa2a1ef59edd33fd/meta.json.dec6ee7f-9f1d-4bfb-8ecf-79082a033ce4.tmp then renaming to /home/alberto/.config/Insomnia/version-control/projects/prj_42d606abc8d04822aa2a1ef59edd33fd/meta.json
[2025-04-05 02:04:20.307] [info]  [sync] Activated project prj_42d606abc8d04822aa2a1ef59edd33fd
[2025-04-05 02:04:20.307] [info]  [FileSystemDriver] Writing to /projects/prj_42d606abc8d04822aa2a1ef59edd33fd/meta.json
[2025-04-05 02:04:20.309] [info]  [FileSystemDriver] Writing to /home/alberto/.config/Insomnia/version-control/projects/prj_42d606abc8d04822aa2a1ef59edd33fd/meta.json.4b637b5e-6277-4d15-98af-a57533329a8d.tmp then renaming to /home/alberto/.config/Insomnia/version-control/projects/prj_42d606abc8d04822aa2a1ef59edd33fd/meta.json
[2025-04-05 02:04:22.770] [info]  [sync] Activated project prj_42d606abc8d04822aa2a1ef59edd33fd
[2025-04-05 02:04:22.771] [info]  [FileSystemDriver] Writing to /projects/prj_42d606abc8d04822aa2a1ef59edd33fd/meta.json
[2025-04-05 02:04:22.771] [info]  [FileSystemDriver] Writing to /home/alberto/.config/Insomnia/version-control/projects/prj_42d606abc8d04822aa2a1ef59edd33fd/meta.json.04de5644-ed71-4cbf-b38b-749b50813956.tmp then renaming to /home/alberto/.config/Insomnia/version-control/projects/prj_42d606abc8d04822aa2a1ef59edd33fd/meta.json
[2025-04-05 02:04:22.986] [info]  [sync] Activated project prj_42d606abc8d04822aa2a1ef59edd33fd
[2025-04-05 02:04:22.986] [info]  [FileSystemDriver] Writing to /projects/prj_42d606abc8d04822aa2a1ef59edd33fd/meta.json
[2025-04-05 02:04:22.989] [info]  [FileSystemDriver] Writing to /home/alberto/.config/Insomnia/version-control/projects/prj_42d606abc8d04822aa2a1ef59edd33fd/meta.json.2f24e061-b526-49ff-906f-61d11f3de582.tmp then renaming to /home/alberto/.config/Insomnia/version-control/projects/prj_42d606abc8d04822aa2a1ef59edd33fd/meta.json
[2025-04-05 02:04:25.412] [info]  [sync] Activated project prj_42d606abc8d04822aa2a1ef59edd33fd
[2025-04-05 02:04:25.412] [info]  [FileSystemDriver] Writing to /projects/prj_42d606abc8d04822aa2a1ef59edd33fd/meta.json
[2025-04-05 02:04:25.414] [info]  [FileSystemDriver] Writing to /home/alberto/.config/Insomnia/version-control/projects/prj_42d606abc8d04822aa2a1ef59edd33fd/meta.json.86687e4b-3ccc-462b-9d9d-e08f22dfdaff.tmp then renaming to /home/alberto/.config/Insomnia/version-control/projects/prj_42d606abc8d04822aa2a1ef59edd33fd/meta.json
[2025-04-05 02:04:25.677] [info]  [sync] Activated project prj_42d606abc8d04822aa2a1ef59edd33fd
[2025-04-05 02:04:25.677] [info]  [FileSystemDriver] Writing to /projects/prj_42d606abc8d04822aa2a1ef59edd33fd/meta.json
[2025-04-05 02:04:25.681] [info]  [FileSystemDriver] Writing to /home/alberto/.config/Insomnia/version-control/projects/prj_42d606abc8d04822aa2a1ef59edd33fd/meta.json.2affb49e-cf82-4638-b74e-12fa900561bf.tmp then renaming to /home/alberto/.config/Insomnia/version-control/projects/prj_42d606abc8d04822aa2a1ef59edd33fd/meta.json
[2025-04-05 02:04:25.836] [info]  [sync] Activated project prj_42d606abc8d04822aa2a1ef59edd33fd
[2025-04-05 02:04:25.836] [info]  [FileSystemDriver] Writing to /projects/prj_42d606abc8d04822aa2a1ef59edd33fd/meta.json
[2025-04-05 02:04:25.837] [info]  [FileSystemDriver] Writing to /home/alberto/.config/Insomnia/version-control/projects/prj_42d606abc8d04822aa2a1ef59edd33fd/meta.json.b811af04-f3f2-41c7-b9a3-c40e911fd9c9.tmp then renaming to /home/alberto/.config/Insomnia/version-control/projects/prj_42d606abc8d04822aa2a1ef59edd33fd/meta.json
[2025-04-05 02:04:26.570] [info]  [sync] Activated project prj_42d606abc8d04822aa2a1ef59edd33fd
[2025-04-05 02:04:26.570] [info]  [FileSystemDriver] Writing to /projects/prj_42d606abc8d04822aa2a1ef59edd33fd/meta.json
[2025-04-05 02:04:26.571] [info]  [FileSystemDriver] Writing to /home/alberto/.config/Insomnia/version-control/projects/prj_42d606abc8d04822aa2a1ef59edd33fd/meta.json.101b73c2-0b3f-4b00-81c1-bcf3967382f1.tmp then renaming to /home/alberto/.config/Insomnia/version-control/projects/prj_42d606abc8d04822aa2a1ef59edd33fd/meta.json
[2025-04-05 02:04:27.448] [info]  [sync] Activated project prj_42d606abc8d04822aa2a1ef59edd33fd
[2025-04-05 02:04:27.448] [info]  [FileSystemDriver] Writing to /projects/prj_42d606abc8d04822aa2a1ef59edd33fd/meta.json
[2025-04-05 02:04:27.450] [info]  [FileSystemDriver] Writing to /home/alberto/.config/Insomnia/version-control/projects/prj_42d606abc8d04822aa2a1ef59edd33fd/meta.json.d9a02ff0-eb26-481f-b02c-d12c9fe9da7a.tmp then renaming to /home/alberto/.config/Insomnia/version-control/projects/prj_42d606abc8d04822aa2a1ef59edd33fd/meta.json
[2025-04-05 02:04:27.892] [info]  [sync] Activated project prj_42d606abc8d04822aa2a1ef59edd33fd
[2025-04-05 02:04:27.892] [info]  [FileSystemDriver] Writing to /projects/prj_42d606abc8d04822aa2a1ef59edd33fd/meta.json
[2025-04-05 02:04:27.893] [info]  [FileSystemDriver] Writing to /home/alberto/.config/Insomnia/version-control/projects/prj_42d606abc8d04822aa2a1ef59edd33fd/meta.json.29966206-42b8-4f9f-974a-c8b1f94b8079.tmp then renaming to /home/alberto/.config/Insomnia/version-control/projects/prj_42d606abc8d04822aa2a1ef59edd33fd/meta.json
[2025-04-05 02:04:32.281] [info]  [sync] Activated project prj_42d606abc8d04822aa2a1ef59edd33fd
[2025-04-05 02:04:32.281] [info]  [FileSystemDriver] Writing to /projects/prj_42d606abc8d04822aa2a1ef59edd33fd/meta.json
[2025-04-05 02:04:32.281] [info]  [FileSystemDriver] Writing to /home/alberto/.config/Insomnia/version-control/projects/prj_42d606abc8d04822aa2a1ef59edd33fd/meta.json.98554e50-0565-4f4d-b5e6-db259f19cec5.tmp then renaming to /home/alberto/.config/Insomnia/version-control/projects/prj_42d606abc8d04822aa2a1ef59edd33fd/meta.json
[2025-04-05 02:04:35.021] [info]  [network] Response succeeded req=req_b8dfca7cea8b41bbb999a4942f6119c9 status=200
[2025-04-05 02:04:35.143] [info]  [sync] Activated project prj_42d606abc8d04822aa2a1ef59edd33fd
[2025-04-05 02:04:35.143] [info]  [FileSystemDriver] Writing to /projects/prj_42d606abc8d04822aa2a1ef59edd33fd/meta.json
[2025-04-05 02:04:35.144] [info]  [FileSystemDriver] Writing to /home/alberto/.config/Insomnia/version-control/projects/prj_42d606abc8d04822aa2a1ef59edd33fd/meta.json.e136db75-e2a2-43cd-a866-601f2f07b80e.tmp then renaming to /home/alberto/.config/Insomnia/version-control/projects/prj_42d606abc8d04822aa2a1ef59edd33fd/meta.json
[2025-04-05 02:04:41.400] [info]  [sync] Activated project prj_42d606abc8d04822aa2a1ef59edd33fd
[2025-04-05 02:04:41.400] [info]  [FileSystemDriver] Writing to /projects/prj_42d606abc8d04822aa2a1ef59edd33fd/meta.json
[2025-04-05 02:04:41.401] [info]  [FileSystemDriver] Writing to /home/alberto/.config/Insomnia/version-control/projects/prj_42d606abc8d04822aa2a1ef59edd33fd/meta.json.6331933f-cab5-436b-9d80-3f2595805d18.tmp then renaming to /home/alberto/.config/Insomnia/version-control/projects/prj_42d606abc8d04822aa2a1ef59edd33fd/meta.json
[2025-04-05 02:04:41.662] [info]  [sync] Activated project prj_42d606abc8d04822aa2a1ef59edd33fd
[2025-04-05 02:04:41.662] [info]  [FileSystemDriver] Writing to /projects/prj_42d606abc8d04822aa2a1ef59edd33fd/meta.json
[2025-04-05 02:04:41.662] [info]  [FileSystemDriver] Writing to /home/alberto/.config/Insomnia/version-control/projects/prj_42d606abc8d04822aa2a1ef59edd33fd/meta.json.567deefc-e143-47d8-8605-8f7bb7c141ca.tmp then renaming to /home/alberto/.config/Insomnia/version-control/projects/prj_42d606abc8d04822aa2a1ef59edd33fd/meta.json
[2025-04-05 02:04:44.460] [info]  [sync] Activated project prj_42d606abc8d04822aa2a1ef59edd33fd
[2025-04-05 02:04:44.460] [info]  [FileSystemDriver] Writing to /projects/prj_42d606abc8d04822aa2a1ef59edd33fd/meta.json
[2025-04-05 02:04:44.462] [info]  [FileSystemDriver] Writing to /home/alberto/.config/Insomnia/version-control/projects/prj_42d606abc8d04822aa2a1ef59edd33fd/meta.json.a50df912-8a97-42f4-8ea9-ba3f175392a6.tmp then renaming to /home/alberto/.config/Insomnia/version-control/projects/prj_42d606abc8d04822aa2a1ef59edd33fd/meta.json
[2025-04-05 02:04:45.309] [info]  [sync] Activated project prj_42d606abc8d04822aa2a1ef59edd33fd
[2025-04-05 02:04:45.309] [info]  [FileSystemDriver] Writing to /projects/prj_42d606abc8d04822aa2a1ef59edd33fd/meta.json
[2025-04-05 02:04:45.310] [info]  [FileSystemDriver] Writing to /home/alberto/.config/Insomnia/version-control/projects/prj_42d606abc8d04822aa2a1ef59edd33fd/meta.json.f2636e6a-3ed3-4009-b2d9-9c90cc4573c2.tmp then renaming to /home/alberto/.config/Insomnia/version-control/projects/prj_42d606abc8d04822aa2a1ef59edd33fd/meta.json
[2025-04-05 02:04:48.067] [info]  [network] Response succeeded req=req_b8dfca7cea8b41bbb999a4942f6119c9 status=200
[2025-04-05 02:04:48.174] [info]  [sync] Activated project prj_42d606abc8d04822aa2a1ef59edd33fd
[2025-04-05 02:04:48.175] [info]  [FileSystemDriver] Writing to /projects/prj_42d606abc8d04822aa2a1ef59edd33fd/meta.json
[2025-04-05 02:04:48.175] [info]  [FileSystemDriver] Writing to /home/alberto/.config/Insomnia/version-control/projects/prj_42d606abc8d04822aa2a1ef59edd33fd/meta.json.ff494415-9bec-4c3a-a689-cbc1d1fa01fa.tmp then renaming to /home/alberto/.config/Insomnia/version-control/projects/prj_42d606abc8d04822aa2a1ef59edd33fd/meta.json
[2025-04-05 02:04:51.398] [info]  [sync] Activated project prj_42d606abc8d04822aa2a1ef59edd33fd
[2025-04-05 02:04:51.398] [info]  [FileSystemDriver] Writing to /projects/prj_42d606abc8d04822aa2a1ef59edd33fd/meta.json
[2025-04-05 02:04:51.399] [info]  [FileSystemDriver] Writing to /home/alberto/.config/Insomnia/version-control/projects/prj_42d606abc8d04822aa2a1ef59edd33fd/meta.json.6c0d4121-53be-4795-ad73-c05867c50e71.tmp then renaming to /home/alberto/.config/Insomnia/version-control/projects/prj_42d606abc8d04822aa2a1ef59edd33fd/meta.json
[2025-04-05 02:04:51.855] [info]  [sync] Activated project prj_42d606abc8d04822aa2a1ef59edd33fd
[2025-04-05 02:04:51.855] [info]  [FileSystemDriver] Writing to /projects/prj_42d606abc8d04822aa2a1ef59edd33fd/meta.json
[2025-04-05 02:04:51.856] [info]  [FileSystemDriver] Writing to /home/alberto/.config/Insomnia/version-control/projects/prj_42d606abc8d04822aa2a1ef59edd33fd/meta.json.9e0430ae-618a-4476-bb9f-37d9a8ddafe4.tmp then renaming to /home/alberto/.config/Insomnia/version-control/projects/prj_42d606abc8d04822aa2a1ef59edd33fd/meta.json
[2025-04-05 02:04:53.874] [info]  [sync] Activated project prj_42d606abc8d04822aa2a1ef59edd33fd
[2025-04-05 02:04:53.874] [info]  [FileSystemDriver] Writing to /projects/prj_42d606abc8d04822aa2a1ef59edd33fd/meta.json
[2025-04-05 02:04:53.874] [info]  [FileSystemDriver] Writing to /home/alberto/.config/Insomnia/version-control/projects/prj_42d606abc8d04822aa2a1ef59edd33fd/meta.json.0c5094b0-0d65-4dfa-943e-a0440c45fb2d.tmp then renaming to /home/alberto/.config/Insomnia/version-control/projects/prj_42d606abc8d04822aa2a1ef59edd33fd/meta.json
[2025-04-05 02:04:54.406] [info]  [sync] Activated project prj_42d606abc8d04822aa2a1ef59edd33fd
[2025-04-05 02:04:54.406] [info]  [FileSystemDriver] Writing to /projects/prj_42d606abc8d04822aa2a1ef59edd33fd/meta.json
[2025-04-05 02:04:54.407] [info]  [FileSystemDriver] Writing to /home/alberto/.config/Insomnia/version-control/projects/prj_42d606abc8d04822aa2a1ef59edd33fd/meta.json.b0561191-4cde-4ba9-828a-636456dcb526.tmp then renaming to /home/alberto/.config/Insomnia/version-control/projects/prj_42d606abc8d04822aa2a1ef59edd33fd/meta.json
[2025-04-05 02:04:54.786] [info]  [sync] Activated project prj_42d606abc8d04822aa2a1ef59edd33fd
[2025-04-05 02:04:54.786] [info]  [FileSystemDriver] Writing to /projects/prj_42d606abc8d04822aa2a1ef59edd33fd/meta.json
[2025-04-05 02:04:54.787] [info]  [FileSystemDriver] Writing to /home/alberto/.config/Insomnia/version-control/projects/prj_42d606abc8d04822aa2a1ef59edd33fd/meta.json.78dbf78b-18b3-46fb-8ab7-b7fbb5a35034.tmp then renaming to /home/alberto/.config/Insomnia/version-control/projects/prj_42d606abc8d04822aa2a1ef59edd33fd/meta.json
[2025-04-05 02:04:55.483] [info]  [sync] Activated project prj_42d606abc8d04822aa2a1ef59edd33fd
[2025-04-05 02:04:55.483] [info]  [FileSystemDriver] Writing to /projects/prj_42d606abc8d04822aa2a1ef59edd33fd/meta.json
[2025-04-05 02:04:55.483] [info]  [FileSystemDriver] Writing to /home/alberto/.config/Insomnia/version-control/projects/prj_42d606abc8d04822aa2a1ef59edd33fd/meta.json.74964ec7-01a0-49ce-a1f7-77db99826aa0.tmp then renaming to /home/alberto/.config/Insomnia/version-control/projects/prj_42d606abc8d04822aa2a1ef59edd33fd/meta.json
[2025-04-05 02:04:58.409] [info]  [network] Response succeeded req=req_b8dfca7cea8b41bbb999a4942f6119c9 status=200
[2025-04-05 02:04:58.524] [info]  [sync] Activated project prj_42d606abc8d04822aa2a1ef59edd33fd
[2025-04-05 02:04:58.524] [info]  [FileSystemDriver] Writing to /projects/prj_42d606abc8d04822aa2a1ef59edd33fd/meta.json
[2025-04-05 02:04:58.525] [info]  [FileSystemDriver] Writing to /home/alberto/.config/Insomnia/version-control/projects/prj_42d606abc8d04822aa2a1ef59edd33fd/meta.json.e8c35fdb-723d-46cf-af1b-7be8a5663c68.tmp then renaming to /home/alberto/.config/Insomnia/version-control/projects/prj_42d606abc8d04822aa2a1ef59edd33fd/meta.json
[2025-04-05 02:05:01.246] [info]  [sync] Activated project prj_42d606abc8d04822aa2a1ef59edd33fd
[2025-04-05 02:05:01.246] [info]  [FileSystemDriver] Writing to /projects/prj_42d606abc8d04822aa2a1ef59edd33fd/meta.json
[2025-04-05 02:05:01.247] [info]  [FileSystemDriver] Writing to /home/alberto/.config/Insomnia/version-control/projects/prj_42d606abc8d04822aa2a1ef59edd33fd/meta.json.0f4561a1-52da-4436-a340-01d7e3391958.tmp then renaming to /home/alberto/.config/Insomnia/version-control/projects/prj_42d606abc8d04822aa2a1ef59edd33fd/meta.json
[2025-04-05 02:05:02.905] [info]  [sync] Activated project prj_42d606abc8d04822aa2a1ef59edd33fd
[2025-04-05 02:05:02.905] [info]  [FileSystemDriver] Writing to /projects/prj_42d606abc8d04822aa2a1ef59edd33fd/meta.json
[2025-04-05 02:05:02.906] [info]  [FileSystemDriver] Writing to /home/alberto/.config/Insomnia/version-control/projects/prj_42d606abc8d04822aa2a1ef59edd33fd/meta.json.a4991600-cb82-452d-b92c-0a2df1ef7b27.tmp then renaming to /home/alberto/.config/Insomnia/version-control/projects/prj_42d606abc8d04822aa2a1ef59edd33fd/meta.json
[2025-04-05 02:05:03.198] [info]  [sync] Activated project prj_42d606abc8d04822aa2a1ef59edd33fd
[2025-04-05 02:05:03.198] [info]  [FileSystemDriver] Writing to /projects/prj_42d606abc8d04822aa2a1ef59edd33fd/meta.json
[2025-04-05 02:05:03.199] [info]  [FileSystemDriver] Writing to /home/alberto/.config/Insomnia/version-control/projects/prj_42d606abc8d04822aa2a1ef59edd33fd/meta.json.39608f08-0f1f-4820-8ff1-84d167224467.tmp then renaming to /home/alberto/.config/Insomnia/version-control/projects/prj_42d606abc8d04822aa2a1ef59edd33fd/meta.json
[2025-04-05 02:05:03.671] [info]  [sync] Activated project prj_42d606abc8d04822aa2a1ef59edd33fd
[2025-04-05 02:05:03.672] [info]  [FileSystemDriver] Writing to /projects/prj_42d606abc8d04822aa2a1ef59edd33fd/meta.json
[2025-04-05 02:05:03.672] [info]  [FileSystemDriver] Writing to /home/alberto/.config/Insomnia/version-control/projects/prj_42d606abc8d04822aa2a1ef59edd33fd/meta.json.a013289a-7193-4c09-83a3-f87733ca9005.tmp then renaming to /home/alberto/.config/Insomnia/version-control/projects/prj_42d606abc8d04822aa2a1ef59edd33fd/meta.json
[2025-04-05 02:05:06.455] [info]  [sync] Activated project prj_42d606abc8d04822aa2a1ef59edd33fd
[2025-04-05 02:05:06.455] [info]  [FileSystemDriver] Writing to /projects/prj_42d606abc8d04822aa2a1ef59edd33fd/meta.json
[2025-04-05 02:05:06.456] [info]  [FileSystemDriver] Writing to /home/alberto/.config/Insomnia/version-control/projects/prj_42d606abc8d04822aa2a1ef59edd33fd/meta.json.6b4d4081-5ecb-483f-a511-81568f64dc62.tmp then renaming to /home/alberto/.config/Insomnia/version-control/projects/prj_42d606abc8d04822aa2a1ef59edd33fd/meta.json
[2025-04-05 02:05:06.619] [info]  [sync] Activated project prj_42d606abc8d04822aa2a1ef59edd33fd
[2025-04-05 02:05:06.619] [info]  [FileSystemDriver] Writing to /projects/prj_42d606abc8d04822aa2a1ef59edd33fd/meta.json
[2025-04-05 02:05:06.620] [info]  [FileSystemDriver] Writing to /home/alberto/.config/Insomnia/version-control/projects/prj_42d606abc8d04822aa2a1ef59edd33fd/meta.json.19cb13ad-60ad-4057-b9b5-26d71f020738.tmp then renaming to /home/alberto/.config/Insomnia/version-control/projects/prj_42d606abc8d04822aa2a1ef59edd33fd/meta.json
[2025-04-05 02:05:07.389] [info]  [sync] Activated project prj_42d606abc8d04822aa2a1ef59edd33fd
[2025-04-05 02:05:07.389] [info]  [FileSystemDriver] Writing to /projects/prj_42d606abc8d04822aa2a1ef59edd33fd/meta.json
[2025-04-05 02:05:07.390] [info]  [FileSystemDriver] Writing to /home/alberto/.config/Insomnia/version-control/projects/prj_42d606abc8d04822aa2a1ef59edd33fd/meta.json.56d812e4-4ea0-4edb-b049-5f2cc5e1994b.tmp then renaming to /home/alberto/.config/Insomnia/version-control/projects/prj_42d606abc8d04822aa2a1ef59edd33fd/meta.json
[2025-04-05 02:05:09.494] [info]  [sync] Activated project prj_42d606abc8d04822aa2a1ef59edd33fd
[2025-04-05 02:05:09.494] [info]  [FileSystemDriver] Writing to /projects/prj_42d606abc8d04822aa2a1ef59edd33fd/meta.json
[2025-04-05 02:05:09.495] [info]  [FileSystemDriver] Writing to /home/alberto/.config/Insomnia/version-control/projects/prj_42d606abc8d04822aa2a1ef59edd33fd/meta.json.cda75b23-d364-45b6-a677-a3abb9c5e094.tmp then renaming to /home/alberto/.config/Insomnia/version-control/projects/prj_42d606abc8d04822aa2a1ef59edd33fd/meta.json
[2025-04-05 02:05:12.642] [info]  [sync] Activated project prj_42d606abc8d04822aa2a1ef59edd33fd
[2025-04-05 02:05:12.643] [info]  [FileSystemDriver] Writing to /projects/prj_42d606abc8d04822aa2a1ef59edd33fd/meta.json
[2025-04-05 02:05:12.643] [info]  [FileSystemDriver] Writing to /home/alberto/.config/Insomnia/version-control/projects/prj_42d606abc8d04822aa2a1ef59edd33fd/meta.json.4fed761a-ae7d-4876-8efa-fac4cce89518.tmp then renaming to /home/alberto/.config/Insomnia/version-control/projects/prj_42d606abc8d04822aa2a1ef59edd33fd/meta.json
[2025-04-05 02:05:12.983] [info]  [sync] Activated project prj_42d606abc8d04822aa2a1ef59edd33fd
[2025-04-05 02:05:12.983] [info]  [FileSystemDriver] Writing to /projects/prj_42d606abc8d04822aa2a1ef59edd33fd/meta.json
[2025-04-05 02:05:12.984] [info]  [FileSystemDriver] Writing to /home/alberto/.config/Insomnia/version-control/projects/prj_42d606abc8d04822aa2a1ef59edd33fd/meta.json.31ee7856-4cc9-49aa-a661-02e14272f70c.tmp then renaming to /home/alberto/.config/Insomnia/version-control/projects/prj_42d606abc8d04822aa2a1ef59edd33fd/meta.json
[2025-04-05 02:05:17.356] [info]  [network] Response succeeded req=req_b8dfca7cea8b41bbb999a4942f6119c9 status=200
[2025-04-05 02:05:17.466] [info]  [sync] Activated project prj_42d606abc8d04822aa2a1ef59edd33fd
[2025-04-05 02:05:17.466] [info]  [FileSystemDriver] Writing to /projects/prj_42d606abc8d04822aa2a1ef59edd33fd/meta.json
[2025-04-05 02:05:17.466] [info]  [FileSystemDriver] Writing to /home/alberto/.config/Insomnia/version-control/projects/prj_42d606abc8d04822aa2a1ef59edd33fd/meta.json.4f8a18cc-8d6b-4f00-adf2-64b20801cbe4.tmp then renaming to /home/alberto/.config/Insomnia/version-control/projects/prj_42d606abc8d04822aa2a1ef59edd33fd/meta.json
[2025-04-05 02:05:21.731] [info]  [sync] Activated project prj_42d606abc8d04822aa2a1ef59edd33fd
[2025-04-05 02:05:21.732] [info]  [FileSystemDriver] Writing to /projects/prj_42d606abc8d04822aa2a1ef59edd33fd/meta.json
[2025-04-05 02:05:21.732] [info]  [FileSystemDriver] Writing to /home/alberto/.config/Insomnia/version-control/projects/prj_42d606abc8d04822aa2a1ef59edd33fd/meta.json.7505f84a-1055-45ee-a2d9-844b72835062.tmp then renaming to /home/alberto/.config/Insomnia/version-control/projects/prj_42d606abc8d04822aa2a1ef59edd33fd/meta.json
[2025-04-05 02:05:21.979] [info]  [sync] Activated project prj_42d606abc8d04822aa2a1ef59edd33fd
[2025-04-05 02:05:21.979] [info]  [FileSystemDriver] Writing to /projects/prj_42d606abc8d04822aa2a1ef59edd33fd/meta.json
[2025-04-05 02:05:21.979] [info]  [FileSystemDriver] Writing to /home/alberto/.config/Insomnia/version-control/projects/prj_42d606abc8d04822aa2a1ef59edd33fd/meta.json.b3ca1df2-16c6-4d84-b7c9-fad99b0fe0b7.tmp then renaming to /home/alberto/.config/Insomnia/version-control/projects/prj_42d606abc8d04822aa2a1ef59edd33fd/meta.json
[2025-04-05 02:05:25.491] [info]  [sync] Activated project prj_42d606abc8d04822aa2a1ef59edd33fd
[2025-04-05 02:05:25.491] [info]  [FileSystemDriver] Writing to /projects/prj_42d606abc8d04822aa2a1ef59edd33fd/meta.json
[2025-04-05 02:05:25.492] [info]  [FileSystemDriver] Writing to /home/alberto/.config/Insomnia/version-control/projects/prj_42d606abc8d04822aa2a1ef59edd33fd/meta.json.51ee5592-b13e-41cc-a037-fa6a780334c8.tmp then renaming to /home/alberto/.config/Insomnia/version-control/projects/prj_42d606abc8d04822aa2a1ef59edd33fd/meta.json
[2025-04-05 02:05:26.029] [info]  [sync] Activated project prj_42d606abc8d04822aa2a1ef59edd33fd
[2025-04-05 02:05:26.029] [info]  [FileSystemDriver] Writing to /projects/prj_42d606abc8d04822aa2a1ef59edd33fd/meta.json
[2025-04-05 02:05:26.030] [info]  [FileSystemDriver] Writing to /home/alberto/.config/Insomnia/version-control/projects/prj_42d606abc8d04822aa2a1ef59edd33fd/meta.json.a6f2c3a0-34cf-4679-8ad2-db3e9e8d2f8b.tmp then renaming to /home/alberto/.config/Insomnia/version-control/projects/prj_42d606abc8d04822aa2a1ef59edd33fd/meta.json
[2025-04-05 02:05:28.926] [info]  [network] Response succeeded req=req_b8dfca7cea8b41bbb999a4942f6119c9 status=200
[2025-04-05 02:05:29.023] [info]  [sync] Activated project prj_42d606abc8d04822aa2a1ef59edd33fd
[2025-04-05 02:05:29.024] [info]  [FileSystemDriver] Writing to /projects/prj_42d606abc8d04822aa2a1ef59edd33fd/meta.json
[2025-04-05 02:05:29.024] [info]  [FileSystemDriver] Writing to /home/alberto/.config/Insomnia/version-control/projects/prj_42d606abc8d04822aa2a1ef59edd33fd/meta.json.b284316c-ecfe-4add-a529-1d14825098f6.tmp then renaming to /home/alberto/.config/Insomnia/version-control/projects/prj_42d606abc8d04822aa2a1ef59edd33fd/meta.json
[2025-04-05 02:05:32.062] [info]  [sync] Activated project prj_42d606abc8d04822aa2a1ef59edd33fd
[2025-04-05 02:05:32.062] [info]  [FileSystemDriver] Writing to /projects/prj_42d606abc8d04822aa2a1ef59edd33fd/meta.json
[2025-04-05 02:05:32.063] [info]  [FileSystemDriver] Writing to /home/alberto/.config/Insomnia/version-control/projects/prj_42d606abc8d04822aa2a1ef59edd33fd/meta.json.24cb7638-b51c-4159-83af-eabcc221ee4f.tmp then renaming to /home/alberto/.config/Insomnia/version-control/projects/prj_42d606abc8d04822aa2a1ef59edd33fd/meta.json
[2025-04-05 02:05:32.332] [info]  [sync] Activated project prj_42d606abc8d04822aa2a1ef59edd33fd
[2025-04-05 02:05:32.332] [info]  [FileSystemDriver] Writing to /projects/prj_42d606abc8d04822aa2a1ef59edd33fd/meta.json
[2025-04-05 02:05:32.333] [info]  [FileSystemDriver] Writing to /home/alberto/.config/Insomnia/version-control/projects/prj_42d606abc8d04822aa2a1ef59edd33fd/meta.json.fb056f75-870e-4e79-9243-70337a056e85.tmp then renaming to /home/alberto/.config/Insomnia/version-control/projects/prj_42d606abc8d04822aa2a1ef59edd33fd/meta.json
[2025-04-05 02:05:32.335] [info]  [sync] Activated project prj_42d606abc8d04822aa2a1ef59edd33fd
[2025-04-05 02:05:32.335] [info]  [FileSystemDriver] Writing to /projects/prj_42d606abc8d04822aa2a1ef59edd33fd/meta.json
[2025-04-05 02:05:32.368] [info]  [FileSystemDriver] Writing to /home/alberto/.config/Insomnia/version-control/projects/prj_42d606abc8d04822aa2a1ef59edd33fd/meta.json.42199b83-3064-4b8e-ab99-59ad1c752c25.tmp then renaming to /home/alberto/.config/Insomnia/version-control/projects/prj_42d606abc8d04822aa2a1ef59edd33fd/meta.json
[2025-04-05 02:05:35.342] [info]  [sync] Activated project prj_42d606abc8d04822aa2a1ef59edd33fd
[2025-04-05 02:05:35.343] [info]  [FileSystemDriver] Writing to /projects/prj_42d606abc8d04822aa2a1ef59edd33fd/meta.json
[2025-04-05 02:05:35.345] [info]  [FileSystemDriver] Writing to /home/alberto/.config/Insomnia/version-control/projects/prj_42d606abc8d04822aa2a1ef59edd33fd/meta.json.f5aee967-d070-4ab6-b7ce-962e4d247447.tmp then renaming to /home/alberto/.config/Insomnia/version-control/projects/prj_42d606abc8d04822aa2a1ef59edd33fd/meta.json
[2025-04-05 02:05:36.664] [info]  [sync] Activated project prj_42d606abc8d04822aa2a1ef59edd33fd
[2025-04-05 02:05:36.664] [info]  [FileSystemDriver] Writing to /projects/prj_42d606abc8d04822aa2a1ef59edd33fd/meta.json
[2025-04-05 02:05:36.665] [info]  [FileSystemDriver] Writing to /home/alberto/.config/Insomnia/version-control/projects/prj_42d606abc8d04822aa2a1ef59edd33fd/meta.json.b3eb222d-bd27-43f6-bb21-0a349a9f6846.tmp then renaming to /home/alberto/.config/Insomnia/version-control/projects/prj_42d606abc8d04822aa2a1ef59edd33fd/meta.json
[2025-04-05 02:05:37.266] [info]  [sync] Activated project prj_42d606abc8d04822aa2a1ef59edd33fd
[2025-04-05 02:05:37.267] [info]  [FileSystemDriver] Writing to /projects/prj_42d606abc8d04822aa2a1ef59edd33fd/meta.json
[2025-04-05 02:05:37.267] [info]  [FileSystemDriver] Writing to /home/alberto/.config/Insomnia/version-control/projects/prj_42d606abc8d04822aa2a1ef59edd33fd/meta.json.c318812f-f911-492a-ace7-0e89a548e282.tmp then renaming to /home/alberto/.config/Insomnia/version-control/projects/prj_42d606abc8d04822aa2a1ef59edd33fd/meta.json
[2025-04-05 02:05:37.978] [info]  [sync] Activated project prj_42d606abc8d04822aa2a1ef59edd33fd
[2025-04-05 02:05:37.978] [info]  [FileSystemDriver] Writing to /projects/prj_42d606abc8d04822aa2a1ef59edd33fd/meta.json
[2025-04-05 02:05:37.979] [info]  [FileSystemDriver] Writing to /home/alberto/.config/Insomnia/version-control/projects/prj_42d606abc8d04822aa2a1ef59edd33fd/meta.json.367c4a79-74fe-4eba-9b12-2c87f9b31f8c.tmp then renaming to /home/alberto/.config/Insomnia/version-control/projects/prj_42d606abc8d04822aa2a1ef59edd33fd/meta.json
[2025-04-05 02:05:38.607] [info]  [sync] Activated project prj_42d606abc8d04822aa2a1ef59edd33fd
[2025-04-05 02:05:38.607] [info]  [FileSystemDriver] Writing to /projects/prj_42d606abc8d04822aa2a1ef59edd33fd/meta.json
[2025-04-05 02:05:38.607] [info]  [FileSystemDriver] Writing to /home/alberto/.config/Insomnia/version-control/projects/prj_42d606abc8d04822aa2a1ef59edd33fd/meta.json.22e60740-faba-44da-8237-ecc5230d5ec2.tmp then renaming to /home/alberto/.config/Insomnia/version-control/projects/prj_42d606abc8d04822aa2a1ef59edd33fd/meta.json
[2025-04-05 02:05:39.293] [info]  [sync] Activated project prj_42d606abc8d04822aa2a1ef59edd33fd
[2025-04-05 02:05:39.294] [info]  [FileSystemDriver] Writing to /projects/prj_42d606abc8d04822aa2a1ef59edd33fd/meta.json
[2025-04-05 02:05:39.294] [info]  [FileSystemDriver] Writing to /home/alberto/.config/Insomnia/version-control/projects/prj_42d606abc8d04822aa2a1ef59edd33fd/meta.json.224c3c5f-4812-459d-b238-fab8fb2ebaec.tmp then renaming to /home/alberto/.config/Insomnia/version-control/projects/prj_42d606abc8d04822aa2a1ef59edd33fd/meta.json
[2025-04-05 02:05:43.564] [info]  [network] Response succeeded req=req_b8dfca7cea8b41bbb999a4942f6119c9 status=200
[2025-04-05 02:05:43.654] [info]  [sync] Activated project prj_42d606abc8d04822aa2a1ef59edd33fd
[2025-04-05 02:05:43.654] [info]  [FileSystemDriver] Writing to /projects/prj_42d606abc8d04822aa2a1ef59edd33fd/meta.json
[2025-04-05 02:05:43.655] [info]  [FileSystemDriver] Writing to /home/alberto/.config/Insomnia/version-control/projects/prj_42d606abc8d04822aa2a1ef59edd33fd/meta.json.1f0c5e33-d5cf-434f-ae71-8fe3f3070d72.tmp then renaming to /home/alberto/.config/Insomnia/version-control/projects/prj_42d606abc8d04822aa2a1ef59edd33fd/meta.json
[2025-04-05 02:05:47.309] [info]  [sync] Activated project prj_42d606abc8d04822aa2a1ef59edd33fd
[2025-04-05 02:05:47.309] [info]  [FileSystemDriver] Writing to /projects/prj_42d606abc8d04822aa2a1ef59edd33fd/meta.json
[2025-04-05 02:05:47.309] [info]  [FileSystemDriver] Writing to /home/alberto/.config/Insomnia/version-control/projects/prj_42d606abc8d04822aa2a1ef59edd33fd/meta.json.e45e100c-ae45-4946-a4c7-e8d96f90c809.tmp then renaming to /home/alberto/.config/Insomnia/version-control/projects/prj_42d606abc8d04822aa2a1ef59edd33fd/meta.json
[2025-04-05 02:05:48.851] [info]  [sync] Activated project prj_42d606abc8d04822aa2a1ef59edd33fd
[2025-04-05 02:05:48.851] [info]  [FileSystemDriver] Writing to /projects/prj_42d606abc8d04822aa2a1ef59edd33fd/meta.json
[2025-04-05 02:05:48.851] [info]  [FileSystemDriver] Writing to /home/alberto/.config/Insomnia/version-control/projects/prj_42d606abc8d04822aa2a1ef59edd33fd/meta.json.2f5e78e6-b6ec-4211-b5a1-521d1b2e2d91.tmp then renaming to /home/alberto/.config/Insomnia/version-control/projects/prj_42d606abc8d04822aa2a1ef59edd33fd/meta.json
[2025-04-05 02:05:51.045] [info]  [sync] Activated project prj_42d606abc8d04822aa2a1ef59edd33fd
[2025-04-05 02:05:51.045] [info]  [FileSystemDriver] Writing to /projects/prj_42d606abc8d04822aa2a1ef59edd33fd/meta.json
[2025-04-05 02:05:51.046] [info]  [FileSystemDriver] Writing to /home/alberto/.config/Insomnia/version-control/projects/prj_42d606abc8d04822aa2a1ef59edd33fd/meta.json.4f592af1-c8f9-4790-845c-ac544ec8fce3.tmp then renaming to /home/alberto/.config/Insomnia/version-control/projects/prj_42d606abc8d04822aa2a1ef59edd33fd/meta.json
[2025-04-05 02:05:51.248] [info]  [sync] Activated project prj_42d606abc8d04822aa2a1ef59edd33fd
[2025-04-05 02:05:51.248] [info]  [FileSystemDriver] Writing to /projects/prj_42d606abc8d04822aa2a1ef59edd33fd/meta.json
[2025-04-05 02:05:51.249] [info]  [FileSystemDriver] Writing to /home/alberto/.config/Insomnia/version-control/projects/prj_42d606abc8d04822aa2a1ef59edd33fd/meta.json.90048ed4-79f4-4d3e-ac7c-d1647a73a780.tmp then renaming to /home/alberto/.config/Insomnia/version-control/projects/prj_42d606abc8d04822aa2a1ef59edd33fd/meta.json
[2025-04-05 02:05:52.119] [info]  [sync] Activated project prj_42d606abc8d04822aa2a1ef59edd33fd
[2025-04-05 02:05:52.119] [info]  [FileSystemDriver] Writing to /projects/prj_42d606abc8d04822aa2a1ef59edd33fd/meta.json
[2025-04-05 02:05:52.120] [info]  [FileSystemDriver] Writing to /home/alberto/.config/Insomnia/version-control/projects/prj_42d606abc8d04822aa2a1ef59edd33fd/meta.json.8029f3c0-69ea-46e7-96b2-dfad28db752b.tmp then renaming to /home/alberto/.config/Insomnia/version-control/projects/prj_42d606abc8d04822aa2a1ef59edd33fd/meta.json
[2025-04-05 02:05:52.465] [info]  [sync] Activated project prj_42d606abc8d04822aa2a1ef59edd33fd
[2025-04-05 02:05:52.466] [info]  [FileSystemDriver] Writing to /projects/prj_42d606abc8d04822aa2a1ef59edd33fd/meta.json
[2025-04-05 02:05:52.466] [info]  [FileSystemDriver] Writing to /home/alberto/.config/Insomnia/version-control/projects/prj_42d606abc8d04822aa2a1ef59edd33fd/meta.json.e012762a-bbc2-4492-b3a7-634b7515f95a.tmp then renaming to /home/alberto/.config/Insomnia/version-control/projects/prj_42d606abc8d04822aa2a1ef59edd33fd/meta.json
[2025-04-05 02:05:58.923] [info]  [network] Response succeeded req=req_b8dfca7cea8b41bbb999a4942f6119c9 status=200
[2025-04-05 02:05:59.025] [info]  [sync] Activated project prj_42d606abc8d04822aa2a1ef59edd33fd
[2025-04-05 02:05:59.025] [info]  [FileSystemDriver] Writing to /projects/prj_42d606abc8d04822aa2a1ef59edd33fd/meta.json
[2025-04-05 02:05:59.025] [info]  [FileSystemDriver] Writing to /home/alberto/.config/Insomnia/version-control/projects/prj_42d606abc8d04822aa2a1ef59edd33fd/meta.json.1a2a65ba-5df1-4110-9d74-86f3b5221a6e.tmp then renaming to /home/alberto/.config/Insomnia/version-control/projects/prj_42d606abc8d04822aa2a1ef59edd33fd/meta.json
[2025-04-05 02:06:02.758] [info]  [sync] Activated project prj_42d606abc8d04822aa2a1ef59edd33fd
[2025-04-05 02:06:02.758] [info]  [FileSystemDriver] Writing to /projects/prj_42d606abc8d04822aa2a1ef59edd33fd/meta.json
[2025-04-05 02:06:02.758] [info]  [FileSystemDriver] Writing to /home/alberto/.config/Insomnia/version-control/projects/prj_42d606abc8d04822aa2a1ef59edd33fd/meta.json.10fb57f6-98aa-49a2-99ef-5ba824bc57e3.tmp then renaming to /home/alberto/.config/Insomnia/version-control/projects/prj_42d606abc8d04822aa2a1ef59edd33fd/meta.json
[2025-04-05 02:06:05.610] [info]  [sync] Activated project prj_42d606abc8d04822aa2a1ef59edd33fd
[2025-04-05 02:06:05.611] [info]  [FileSystemDriver] Writing to /projects/prj_42d606abc8d04822aa2a1ef59edd33fd/meta.json
[2025-04-05 02:06:05.612] [info]  [FileSystemDriver] Writing to /home/alberto/.config/Insomnia/version-control/projects/prj_42d606abc8d04822aa2a1ef59edd33fd/meta.json.2e09d2eb-a553-472b-928a-9b21f86c544b.tmp then renaming to /home/alberto/.config/Insomnia/version-control/projects/prj_42d606abc8d04822aa2a1ef59edd33fd/meta.json
[2025-04-05 02:06:05.737] [info]  [sync] Activated project prj_42d606abc8d04822aa2a1ef59edd33fd
[2025-04-05 02:06:05.737] [info]  [FileSystemDriver] Writing to /projects/prj_42d606abc8d04822aa2a1ef59edd33fd/meta.json
[2025-04-05 02:06:05.738] [info]  [FileSystemDriver] Writing to /home/alberto/.config/Insomnia/version-control/projects/prj_42d606abc8d04822aa2a1ef59edd33fd/meta.json.52ce54e5-46bc-4ed1-ac95-6247c271034b.tmp then renaming to /home/alberto/.config/Insomnia/version-control/projects/prj_42d606abc8d04822aa2a1ef59edd33fd/meta.json
[2025-04-05 02:06:08.653] [info]  [network] Response succeeded req=req_b8dfca7cea8b41bbb999a4942f6119c9 status=200
[2025-04-05 02:06:08.782] [info]  [sync] Activated project prj_42d606abc8d04822aa2a1ef59edd33fd
[2025-04-05 02:06:08.782] [info]  [FileSystemDriver] Writing to /projects/prj_42d606abc8d04822aa2a1ef59edd33fd/meta.json
[2025-04-05 02:06:08.782] [info]  [FileSystemDriver] Writing to /home/alberto/.config/Insomnia/version-control/projects/prj_42d606abc8d04822aa2a1ef59edd33fd/meta.json.fcc8e88c-83f4-4cbd-826b-62895a66cffb.tmp then renaming to /home/alberto/.config/Insomnia/version-control/projects/prj_42d606abc8d04822aa2a1ef59edd33fd/meta.json
[2025-04-05 02:06:11.719] [info]  [sync] Activated project prj_42d606abc8d04822aa2a1ef59edd33fd
[2025-04-05 02:06:11.719] [info]  [FileSystemDriver] Writing to /projects/prj_42d606abc8d04822aa2a1ef59edd33fd/meta.json
[2025-04-05 02:06:11.720] [info]  [FileSystemDriver] Writing to /home/alberto/.config/Insomnia/version-control/projects/prj_42d606abc8d04822aa2a1ef59edd33fd/meta.json.e6d67345-6ef2-40a6-99e8-bb718f7dd78f.tmp then renaming to /home/alberto/.config/Insomnia/version-control/projects/prj_42d606abc8d04822aa2a1ef59edd33fd/meta.json
[2025-04-05 02:06:12.023] [info]  [sync] Activated project prj_42d606abc8d04822aa2a1ef59edd33fd
[2025-04-05 02:06:12.023] [info]  [FileSystemDriver] Writing to /projects/prj_42d606abc8d04822aa2a1ef59edd33fd/meta.json
[2025-04-05 02:06:12.024] [info]  [FileSystemDriver] Writing to /home/alberto/.config/Insomnia/version-control/projects/prj_42d606abc8d04822aa2a1ef59edd33fd/meta.json.3593597b-f626-4a22-aac4-502d8d08ef8a.tmp then renaming to /home/alberto/.config/Insomnia/version-control/projects/prj_42d606abc8d04822aa2a1ef59edd33fd/meta.json
[2025-04-05 02:06:14.301] [info]  [sync] Activated project prj_42d606abc8d04822aa2a1ef59edd33fd
[2025-04-05 02:06:14.301] [info]  [FileSystemDriver] Writing to /projects/prj_42d606abc8d04822aa2a1ef59edd33fd/meta.json
[2025-04-05 02:06:14.302] [info]  [FileSystemDriver] Writing to /home/alberto/.config/Insomnia/version-control/projects/prj_42d606abc8d04822aa2a1ef59edd33fd/meta.json.cf92162c-3221-47b7-820b-c122a5623ada.tmp then renaming to /home/alberto/.config/Insomnia/version-control/projects/prj_42d606abc8d04822aa2a1ef59edd33fd/meta.json
[2025-04-05 02:06:14.731] [info]  [sync] Activated project prj_42d606abc8d04822aa2a1ef59edd33fd
[2025-04-05 02:06:14.731] [info]  [FileSystemDriver] Writing to /projects/prj_42d606abc8d04822aa2a1ef59edd33fd/meta.json
[2025-04-05 02:06:14.731] [info]  [FileSystemDriver] Writing to /home/alberto/.config/Insomnia/version-control/projects/prj_42d606abc8d04822aa2a1ef59edd33fd/meta.json.8d6d1be4-6f1b-42a8-82e8-d74ea1747b2b.tmp then renaming to /home/alberto/.config/Insomnia/version-control/projects/prj_42d606abc8d04822aa2a1ef59edd33fd/meta.json
[2025-04-05 02:06:17.462] [info]  [network] Response succeeded req=req_b8dfca7cea8b41bbb999a4942f6119c9 status=200
[2025-04-05 02:06:17.570] [info]  [sync] Activated project prj_42d606abc8d04822aa2a1ef59edd33fd
[2025-04-05 02:06:17.570] [info]  [FileSystemDriver] Writing to /projects/prj_42d606abc8d04822aa2a1ef59edd33fd/meta.json
[2025-04-05 02:06:17.570] [info]  [FileSystemDriver] Writing to /home/alberto/.config/Insomnia/version-control/projects/prj_42d606abc8d04822aa2a1ef59edd33fd/meta.json.3e30ff7a-08d3-42b4-af11-ac897c3d37a3.tmp then renaming to /home/alberto/.config/Insomnia/version-control/projects/prj_42d606abc8d04822aa2a1ef59edd33fd/meta.json
[2025-04-05 02:06:19.190] [info]  [sync] Activated project prj_42d606abc8d04822aa2a1ef59edd33fd
[2025-04-05 02:06:19.190] [info]  [FileSystemDriver] Writing to /projects/prj_42d606abc8d04822aa2a1ef59edd33fd/meta.json
[2025-04-05 02:06:19.191] [info]  [FileSystemDriver] Writing to /home/alberto/.config/Insomnia/version-control/projects/prj_42d606abc8d04822aa2a1ef59edd33fd/meta.json.258d9148-b1de-410f-90d1-8b03225a7938.tmp then renaming to /home/alberto/.config/Insomnia/version-control/projects/prj_42d606abc8d04822aa2a1ef59edd33fd/meta.json
[2025-04-05 02:06:19.355] [info]  [sync] Activated project prj_42d606abc8d04822aa2a1ef59edd33fd
[2025-04-05 02:06:19.356] [info]  [FileSystemDriver] Writing to /projects/prj_42d606abc8d04822aa2a1ef59edd33fd/meta.json
[2025-04-05 02:06:19.356] [info]  [FileSystemDriver] Writing to /home/alberto/.config/Insomnia/version-control/projects/prj_42d606abc8d04822aa2a1ef59edd33fd/meta.json.2b306a65-5018-4c5c-894a-cc4972541eb5.tmp then renaming to /home/alberto/.config/Insomnia/version-control/projects/prj_42d606abc8d04822aa2a1ef59edd33fd/meta.json
[2025-04-05 02:06:22.142] [info]  [sync] Activated project prj_42d606abc8d04822aa2a1ef59edd33fd
[2025-04-05 02:06:22.142] [info]  [FileSystemDriver] Writing to /projects/prj_42d606abc8d04822aa2a1ef59edd33fd/meta.json
[2025-04-05 02:06:22.142] [info]  [FileSystemDriver] Writing to /home/alberto/.config/Insomnia/version-control/projects/prj_42d606abc8d04822aa2a1ef59edd33fd/meta.json.dc53d284-88a9-493b-94f0-e2fc8fa7eea2.tmp then renaming to /home/alberto/.config/Insomnia/version-control/projects/prj_42d606abc8d04822aa2a1ef59edd33fd/meta.json
[2025-04-05 02:06:22.823] [info]  [sync] Activated project prj_42d606abc8d04822aa2a1ef59edd33fd
[2025-04-05 02:06:22.823] [info]  [FileSystemDriver] Writing to /projects/prj_42d606abc8d04822aa2a1ef59edd33fd/meta.json
[2025-04-05 02:06:22.824] [info]  [FileSystemDriver] Writing to /home/alberto/.config/Insomnia/version-control/projects/prj_42d606abc8d04822aa2a1ef59edd33fd/meta.json.c09e3033-aa6b-495f-9252-60f66a8163ed.tmp then renaming to /home/alberto/.config/Insomnia/version-control/projects/prj_42d606abc8d04822aa2a1ef59edd33fd/meta.json
[2025-04-05 02:06:25.859] [info]  [network] Response succeeded req=req_b8dfca7cea8b41bbb999a4942f6119c9 status=200
[2025-04-05 02:06:25.961] [info]  [sync] Activated project prj_42d606abc8d04822aa2a1ef59edd33fd
[2025-04-05 02:06:25.961] [info]  [FileSystemDriver] Writing to /projects/prj_42d606abc8d04822aa2a1ef59edd33fd/meta.json
[2025-04-05 02:06:25.962] [info]  [FileSystemDriver] Writing to /home/alberto/.config/Insomnia/version-control/projects/prj_42d606abc8d04822aa2a1ef59edd33fd/meta.json.cef1c9a5-3210-4dfc-a604-6f055259cc87.tmp then renaming to /home/alberto/.config/Insomnia/version-control/projects/prj_42d606abc8d04822aa2a1ef59edd33fd/meta.json
[2025-04-05 02:06:30.344] [info]  [sync] Activated project prj_42d606abc8d04822aa2a1ef59edd33fd
[2025-04-05 02:06:30.344] [info]  [FileSystemDriver] Writing to /projects/prj_42d606abc8d04822aa2a1ef59edd33fd/meta.json
[2025-04-05 02:06:30.344] [info]  [FileSystemDriver] Writing to /home/alberto/.config/Insomnia/version-control/projects/prj_42d606abc8d04822aa2a1ef59edd33fd/meta.json.5f54e206-9437-485a-926c-a5260ef9c0e8.tmp then renaming to /home/alberto/.config/Insomnia/version-control/projects/prj_42d606abc8d04822aa2a1ef59edd33fd/meta.json
[2025-04-05 02:06:30.982] [info]  [sync] Activated project prj_42d606abc8d04822aa2a1ef59edd33fd
[2025-04-05 02:06:30.982] [info]  [FileSystemDriver] Writing to /projects/prj_42d606abc8d04822aa2a1ef59edd33fd/meta.json
[2025-04-05 02:06:30.982] [info]  [FileSystemDriver] Writing to /home/alberto/.config/Insomnia/version-control/projects/prj_42d606abc8d04822aa2a1ef59edd33fd/meta.json.ec444141-f91e-4cee-93b1-8a9cd92ce272.tmp then renaming to /home/alberto/.config/Insomnia/version-control/projects/prj_42d606abc8d04822aa2a1ef59edd33fd/meta.json
[2025-04-05 02:06:32.391] [info]  [sync] Activated project prj_42d606abc8d04822aa2a1ef59edd33fd
[2025-04-05 02:06:32.391] [info]  [FileSystemDriver] Writing to /projects/prj_42d606abc8d04822aa2a1ef59edd33fd/meta.json
[2025-04-05 02:06:32.392] [info]  [FileSystemDriver] Writing to /home/alberto/.config/Insomnia/version-control/projects/prj_42d606abc8d04822aa2a1ef59edd33fd/meta.json.91f9e25b-2b1a-4aaa-a30f-2efa33860c16.tmp then renaming to /home/alberto/.config/Insomnia/version-control/projects/prj_42d606abc8d04822aa2a1ef59edd33fd/meta.json
[2025-04-05 02:06:32.868] [info]  [sync] Activated project prj_42d606abc8d04822aa2a1ef59edd33fd
[2025-04-05 02:06:32.869] [info]  [FileSystemDriver] Writing to /projects/prj_42d606abc8d04822aa2a1ef59edd33fd/meta.json
[2025-04-05 02:06:32.869] [info]  [FileSystemDriver] Writing to /home/alberto/.config/Insomnia/version-control/projects/prj_42d606abc8d04822aa2a1ef59edd33fd/meta.json.92624b2e-567a-4bdb-b71a-afd2b1586240.tmp then renaming to /home/alberto/.config/Insomnia/version-control/projects/prj_42d606abc8d04822aa2a1ef59edd33fd/meta.json
[2025-04-05 02:06:33.395] [info]  [sync] Activated project prj_42d606abc8d04822aa2a1ef59edd33fd
[2025-04-05 02:06:33.395] [info]  [FileSystemDriver] Writing to /projects/prj_42d606abc8d04822aa2a1ef59edd33fd/meta.json
[2025-04-05 02:06:33.396] [info]  [FileSystemDriver] Writing to /home/alberto/.config/Insomnia/version-control/projects/prj_42d606abc8d04822aa2a1ef59edd33fd/meta.json.f1b7fbc5-ad8d-445d-be22-fd860a5e20eb.tmp then renaming to /home/alberto/.config/Insomnia/version-control/projects/prj_42d606abc8d04822aa2a1ef59edd33fd/meta.json
[2025-04-05 02:06:36.711] [info]  [network] Response succeeded req=req_b8dfca7cea8b41bbb999a4942f6119c9 status=200
[2025-04-05 02:06:36.827] [info]  [sync] Activated project prj_42d606abc8d04822aa2a1ef59edd33fd
[2025-04-05 02:06:36.827] [info]  [FileSystemDriver] Writing to /projects/prj_42d606abc8d04822aa2a1ef59edd33fd/meta.json
[2025-04-05 02:06:36.828] [info]  [FileSystemDriver] Writing to /home/alberto/.config/Insomnia/version-control/projects/prj_42d606abc8d04822aa2a1ef59edd33fd/meta.json.434cc55d-cc9e-45cd-9e96-b71ea5ecf718.tmp then renaming to /home/alberto/.config/Insomnia/version-control/projects/prj_42d606abc8d04822aa2a1ef59edd33fd/meta.json
[2025-04-05 02:06:43.749] [info]  [sync] Activated project prj_42d606abc8d04822aa2a1ef59edd33fd
[2025-04-05 02:06:43.749] [info]  [FileSystemDriver] Writing to /projects/prj_42d606abc8d04822aa2a1ef59edd33fd/meta.json
[2025-04-05 02:06:43.749] [info]  [FileSystemDriver] Writing to /home/alberto/.config/Insomnia/version-control/projects/prj_42d606abc8d04822aa2a1ef59edd33fd/meta.json.8a50a7cb-926e-4bbe-81b1-c00250fcced7.tmp then renaming to /home/alberto/.config/Insomnia/version-control/projects/prj_42d606abc8d04822aa2a1ef59edd33fd/meta.json
[2025-04-05 02:06:44.199] [info]  [sync] Activated project prj_42d606abc8d04822aa2a1ef59edd33fd
[2025-04-05 02:06:44.199] [info]  [FileSystemDriver] Writing to /projects/prj_42d606abc8d04822aa2a1ef59edd33fd/meta.json
[2025-04-05 02:06:44.199] [info]  [FileSystemDriver] Writing to /home/alberto/.config/Insomnia/version-control/projects/prj_42d606abc8d04822aa2a1ef59edd33fd/meta.json.c63092b9-74c9-4d59-adf3-accce56b4b09.tmp then renaming to /home/alberto/.config/Insomnia/version-control/projects/prj_42d606abc8d04822aa2a1ef59edd33fd/meta.json
[2025-04-05 02:06:45.289] [info]  [sync] Activated project prj_42d606abc8d04822aa2a1ef59edd33fd
[2025-04-05 02:06:45.290] [info]  [FileSystemDriver] Writing to /projects/prj_42d606abc8d04822aa2a1ef59edd33fd/meta.json
[2025-04-05 02:06:45.290] [info]  [FileSystemDriver] Writing to /home/alberto/.config/Insomnia/version-control/projects/prj_42d606abc8d04822aa2a1ef59edd33fd/meta.json.dd52a996-d216-4165-a0f5-af3055508314.tmp then renaming to /home/alberto/.config/Insomnia/version-control/projects/prj_42d606abc8d04822aa2a1ef59edd33fd/meta.json
[2025-04-05 02:06:45.705] [info]  [sync] Activated project prj_42d606abc8d04822aa2a1ef59edd33fd
[2025-04-05 02:06:45.706] [info]  [FileSystemDriver] Writing to /projects/prj_42d606abc8d04822aa2a1ef59edd33fd/meta.json
[2025-04-05 02:06:45.706] [info]  [FileSystemDriver] Writing to /home/alberto/.config/Insomnia/version-control/projects/prj_42d606abc8d04822aa2a1ef59edd33fd/meta.json.e9261cd3-1751-40ff-807d-00d2e7cf6109.tmp then renaming to /home/alberto/.config/Insomnia/version-control/projects/prj_42d606abc8d04822aa2a1ef59edd33fd/meta.json
[2025-04-05 02:06:49.384] [info]  [sync] Activated project prj_42d606abc8d04822aa2a1ef59edd33fd
[2025-04-05 02:06:49.384] [info]  [FileSystemDriver] Writing to /projects/prj_42d606abc8d04822aa2a1ef59edd33fd/meta.json
[2025-04-05 02:06:49.384] [info]  [FileSystemDriver] Writing to /home/alberto/.config/Insomnia/version-control/projects/prj_42d606abc8d04822aa2a1ef59edd33fd/meta.json.0ca4ab96-a855-4b38-b16e-d2a704376258.tmp then renaming to /home/alberto/.config/Insomnia/version-control/projects/prj_42d606abc8d04822aa2a1ef59edd33fd/meta.json
[2025-04-05 02:06:49.930] [info]  [sync] Activated project prj_42d606abc8d04822aa2a1ef59edd33fd
[2025-04-05 02:06:49.930] [info]  [FileSystemDriver] Writing to /projects/prj_42d606abc8d04822aa2a1ef59edd33fd/meta.json
[2025-04-05 02:06:49.931] [info]  [FileSystemDriver] Writing to /home/alberto/.config/Insomnia/version-control/projects/prj_42d606abc8d04822aa2a1ef59edd33fd/meta.json.686c947d-c553-407e-ace9-22cdcee76cc3.tmp then renaming to /home/alberto/.config/Insomnia/version-control/projects/prj_42d606abc8d04822aa2a1ef59edd33fd/meta.json
[2025-04-05 02:06:50.803] [info]  [sync] Activated project prj_42d606abc8d04822aa2a1ef59edd33fd
[2025-04-05 02:06:50.803] [info]  [FileSystemDriver] Writing to /projects/prj_42d606abc8d04822aa2a1ef59edd33fd/meta.json
[2025-04-05 02:06:50.804] [info]  [FileSystemDriver] Writing to /home/alberto/.config/Insomnia/version-control/projects/prj_42d606abc8d04822aa2a1ef59edd33fd/meta.json.144c8084-3b33-4ad1-8d15-ac2ec595ab00.tmp then renaming to /home/alberto/.config/Insomnia/version-control/projects/prj_42d606abc8d04822aa2a1ef59edd33fd/meta.json
[2025-04-05 02:06:51.391] [info]  [sync] Activated project prj_42d606abc8d04822aa2a1ef59edd33fd
[2025-04-05 02:06:51.391] [info]  [FileSystemDriver] Writing to /projects/prj_42d606abc8d04822aa2a1ef59edd33fd/meta.json
[2025-04-05 02:06:51.391] [info]  [FileSystemDriver] Writing to /home/alberto/.config/Insomnia/version-control/projects/prj_42d606abc8d04822aa2a1ef59edd33fd/meta.json.7f486169-65f3-4d57-b984-9959611cf71e.tmp then renaming to /home/alberto/.config/Insomnia/version-control/projects/prj_42d606abc8d04822aa2a1ef59edd33fd/meta.json
[2025-04-05 02:06:55.141] [info]  [network] Response succeeded req=req_b8dfca7cea8b41bbb999a4942f6119c9 status=200
[2025-04-05 02:06:55.221] [info]  [sync] Activated project prj_42d606abc8d04822aa2a1ef59edd33fd
[2025-04-05 02:06:55.221] [info]  [FileSystemDriver] Writing to /projects/prj_42d606abc8d04822aa2a1ef59edd33fd/meta.json
[2025-04-05 02:06:55.222] [info]  [FileSystemDriver] Writing to /home/alberto/.config/Insomnia/version-control/projects/prj_42d606abc8d04822aa2a1ef59edd33fd/meta.json.f54b1286-7f3f-42c8-b0ad-3bc44b695ff7.tmp then renaming to /home/alberto/.config/Insomnia/version-control/projects/prj_42d606abc8d04822aa2a1ef59edd33fd/meta.json
[2025-04-05 02:07:04.029] [info]  [sync] Activated project prj_42d606abc8d04822aa2a1ef59edd33fd
[2025-04-05 02:07:04.029] [info]  [FileSystemDriver] Writing to /projects/prj_42d606abc8d04822aa2a1ef59edd33fd/meta.json
[2025-04-05 02:07:04.029] [info]  [FileSystemDriver] Writing to /home/alberto/.config/Insomnia/version-control/projects/prj_42d606abc8d04822aa2a1ef59edd33fd/meta.json.9c668917-b9d4-4415-be82-5e18f411e7ea.tmp then renaming to /home/alberto/.config/Insomnia/version-control/projects/prj_42d606abc8d04822aa2a1ef59edd33fd/meta.json
[2025-04-05 02:07:05.368] [info]  [sync] Activated project prj_42d606abc8d04822aa2a1ef59edd33fd
[2025-04-05 02:07:05.368] [info]  [FileSystemDriver] Writing to /projects/prj_42d606abc8d04822aa2a1ef59edd33fd/meta.json
[2025-04-05 02:07:05.369] [info]  [FileSystemDriver] Writing to /home/alberto/.config/Insomnia/version-control/projects/prj_42d606abc8d04822aa2a1ef59edd33fd/meta.json.60bb5829-6614-4a89-be9a-15395209c091.tmp then renaming to /home/alberto/.config/Insomnia/version-control/projects/prj_42d606abc8d04822aa2a1ef59edd33fd/meta.json
[2025-04-05 02:07:05.703] [info]  [sync] Activated project prj_42d606abc8d04822aa2a1ef59edd33fd
[2025-04-05 02:07:05.703] [info]  [FileSystemDriver] Writing to /projects/prj_42d606abc8d04822aa2a1ef59edd33fd/meta.json
[2025-04-05 02:07:05.704] [info]  [FileSystemDriver] Writing to /home/alberto/.config/Insomnia/version-control/projects/prj_42d606abc8d04822aa2a1ef59edd33fd/meta.json.8c4a6de7-9fe9-4470-9b6a-0ca99ea8d5c7.tmp then renaming to /home/alberto/.config/Insomnia/version-control/projects/prj_42d606abc8d04822aa2a1ef59edd33fd/meta.json
[2025-04-05 02:07:06.465] [info]  [sync] Activated project prj_42d606abc8d04822aa2a1ef59edd33fd
[2025-04-05 02:07:06.465] [info]  [FileSystemDriver] Writing to /projects/prj_42d606abc8d04822aa2a1ef59edd33fd/meta.json
[2025-04-05 02:07:06.466] [info]  [FileSystemDriver] Writing to /home/alberto/.config/Insomnia/version-control/projects/prj_42d606abc8d04822aa2a1ef59edd33fd/meta.json.4caa9169-30f9-4062-ad8a-ee72256ca6d2.tmp then renaming to /home/alberto/.config/Insomnia/version-control/projects/prj_42d606abc8d04822aa2a1ef59edd33fd/meta.json
[2025-04-05 02:07:06.632] [info]  [sync] Activated project prj_42d606abc8d04822aa2a1ef59edd33fd
[2025-04-05 02:07:06.632] [info]  [FileSystemDriver] Writing to /projects/prj_42d606abc8d04822aa2a1ef59edd33fd/meta.json
[2025-04-05 02:07:06.633] [info]  [FileSystemDriver] Writing to /home/alberto/.config/Insomnia/version-control/projects/prj_42d606abc8d04822aa2a1ef59edd33fd/meta.json.c262f56c-6324-4b17-8f4c-02c6a0ef2629.tmp then renaming to /home/alberto/.config/Insomnia/version-control/projects/prj_42d606abc8d04822aa2a1ef59edd33fd/meta.json
[2025-04-05 02:07:09.611] [info]  [sync] Activated project prj_42d606abc8d04822aa2a1ef59edd33fd
[2025-04-05 02:07:09.611] [info]  [FileSystemDriver] Writing to /projects/prj_42d606abc8d04822aa2a1ef59edd33fd/meta.json
[2025-04-05 02:07:09.612] [info]  [FileSystemDriver] Writing to /home/alberto/.config/Insomnia/version-control/projects/prj_42d606abc8d04822aa2a1ef59edd33fd/meta.json.0ce41a0e-5571-435c-ba41-4ad4a272304c.tmp then renaming to /home/alberto/.config/Insomnia/version-control/projects/prj_42d606abc8d04822aa2a1ef59edd33fd/meta.json
[2025-04-05 02:07:09.752] [info]  [sync] Activated project prj_42d606abc8d04822aa2a1ef59edd33fd
[2025-04-05 02:07:09.752] [info]  [FileSystemDriver] Writing to /projects/prj_42d606abc8d04822aa2a1ef59edd33fd/meta.json
[2025-04-05 02:07:09.752] [info]  [FileSystemDriver] Writing to /home/alberto/.config/Insomnia/version-control/projects/prj_42d606abc8d04822aa2a1ef59edd33fd/meta.json.7a91371e-1bd0-4d13-89a9-4160e5d8506a.tmp then renaming to /home/alberto/.config/Insomnia/version-control/projects/prj_42d606abc8d04822aa2a1ef59edd33fd/meta.json
[2025-04-05 02:07:10.467] [info]  [sync] Activated project prj_42d606abc8d04822aa2a1ef59edd33fd
[2025-04-05 02:07:10.467] [info]  [FileSystemDriver] Writing to /projects/prj_42d606abc8d04822aa2a1ef59edd33fd/meta.json
[2025-04-05 02:07:10.468] [info]  [FileSystemDriver] Writing to /home/alberto/.config/Insomnia/version-control/projects/prj_42d606abc8d04822aa2a1ef59edd33fd/meta.json.cffe3eb8-daf3-4e85-b781-833346a96265.tmp then renaming to /home/alberto/.config/Insomnia/version-control/projects/prj_42d606abc8d04822aa2a1ef59edd33fd/meta.json
[2025-04-05 02:07:13.045] [info]  [sync] Activated project prj_42d606abc8d04822aa2a1ef59edd33fd
[2025-04-05 02:07:13.045] [info]  [FileSystemDriver] Writing to /projects/prj_42d606abc8d04822aa2a1ef59edd33fd/meta.json
[2025-04-05 02:07:13.046] [info]  [FileSystemDriver] Writing to /home/alberto/.config/Insomnia/version-control/projects/prj_42d606abc8d04822aa2a1ef59edd33fd/meta.json.0dca83fc-2f2d-43d7-bc1a-8bb7e72b47f8.tmp then renaming to /home/alberto/.config/Insomnia/version-control/projects/prj_42d606abc8d04822aa2a1ef59edd33fd/meta.json
[2025-04-05 02:07:13.673] [info]  [sync] Activated project prj_42d606abc8d04822aa2a1ef59edd33fd
[2025-04-05 02:07:13.673] [info]  [FileSystemDriver] Writing to /projects/prj_42d606abc8d04822aa2a1ef59edd33fd/meta.json
[2025-04-05 02:07:13.673] [info]  [FileSystemDriver] Writing to /home/alberto/.config/Insomnia/version-control/projects/prj_42d606abc8d04822aa2a1ef59edd33fd/meta.json.41404807-0994-4a45-881d-672b9b362d83.tmp then renaming to /home/alberto/.config/Insomnia/version-control/projects/prj_42d606abc8d04822aa2a1ef59edd33fd/meta.json
[2025-04-05 02:07:14.818] [info]  [sync] Activated project prj_42d606abc8d04822aa2a1ef59edd33fd
[2025-04-05 02:07:14.818] [info]  [FileSystemDriver] Writing to /projects/prj_42d606abc8d04822aa2a1ef59edd33fd/meta.json
[2025-04-05 02:07:14.819] [info]  [FileSystemDriver] Writing to /home/alberto/.config/Insomnia/version-control/projects/prj_42d606abc8d04822aa2a1ef59edd33fd/meta.json.1f085acc-7f64-49f7-88ff-9c9f85a820e7.tmp then renaming to /home/alberto/.config/Insomnia/version-control/projects/prj_42d606abc8d04822aa2a1ef59edd33fd/meta.json
[2025-04-05 02:07:15.009] [info]  [sync] Activated project prj_42d606abc8d04822aa2a1ef59edd33fd
[2025-04-05 02:07:15.009] [info]  [FileSystemDriver] Writing to /projects/prj_42d606abc8d04822aa2a1ef59edd33fd/meta.json
[2025-04-05 02:07:15.009] [info]  [FileSystemDriver] Writing to /home/alberto/.config/Insomnia/version-control/projects/prj_42d606abc8d04822aa2a1ef59edd33fd/meta.json.1736ac32-25bb-475a-8a37-6cd17b2cd8df.tmp then renaming to /home/alberto/.config/Insomnia/version-control/projects/prj_42d606abc8d04822aa2a1ef59edd33fd/meta.json
[2025-04-05 02:07:15.142] [info]  [sync] Activated project prj_42d606abc8d04822aa2a1ef59edd33fd
[2025-04-05 02:07:15.142] [info]  [FileSystemDriver] Writing to /projects/prj_42d606abc8d04822aa2a1ef59edd33fd/meta.json
[2025-04-05 02:07:15.143] [info]  [FileSystemDriver] Writing to /home/alberto/.config/Insomnia/version-control/projects/prj_42d606abc8d04822aa2a1ef59edd33fd/meta.json.24c7c196-8e5e-4905-90a9-4522a85d327b.tmp then renaming to /home/alberto/.config/Insomnia/version-control/projects/prj_42d606abc8d04822aa2a1ef59edd33fd/meta.json
[2025-04-05 02:07:15.258] [info]  [sync] Activated project prj_42d606abc8d04822aa2a1ef59edd33fd
[2025-04-05 02:07:15.258] [info]  [FileSystemDriver] Writing to /projects/prj_42d606abc8d04822aa2a1ef59edd33fd/meta.json
[2025-04-05 02:07:15.259] [info]  [FileSystemDriver] Writing to /home/alberto/.config/Insomnia/version-control/projects/prj_42d606abc8d04822aa2a1ef59edd33fd/meta.json.6a4dfa0a-0a14-4fda-ad8f-4f68ba5c9b13.tmp then renaming to /home/alberto/.config/Insomnia/version-control/projects/prj_42d606abc8d04822aa2a1ef59edd33fd/meta.json
[2025-04-05 02:07:18.805] [info]  [network] Response succeeded req=req_b8dfca7cea8b41bbb999a4942f6119c9 status=200
[2025-04-05 02:07:18.902] [info]  [sync] Activated project prj_42d606abc8d04822aa2a1ef59edd33fd
[2025-04-05 02:07:18.902] [info]  [FileSystemDriver] Writing to /projects/prj_42d606abc8d04822aa2a1ef59edd33fd/meta.json
[2025-04-05 02:07:18.902] [info]  [FileSystemDriver] Writing to /home/alberto/.config/Insomnia/version-control/projects/prj_42d606abc8d04822aa2a1ef59edd33fd/meta.json.26470034-5aad-4b92-82a0-0d43057b5242.tmp then renaming to /home/alberto/.config/Insomnia/version-control/projects/prj_42d606abc8d04822aa2a1ef59edd33fd/meta.json
[2025-04-05 02:09:21.547] [info]  [sync] Activated project prj_42d606abc8d04822aa2a1ef59edd33fd
[2025-04-05 02:09:21.548] [info]  [FileSystemDriver] Writing to /projects/prj_42d606abc8d04822aa2a1ef59edd33fd/meta.json
[2025-04-05 02:09:21.548] [info]  [FileSystemDriver] Writing to /home/alberto/.config/Insomnia/version-control/projects/prj_42d606abc8d04822aa2a1ef59edd33fd/meta.json.8fc8456f-3f44-4dec-b5f2-bdd3b5e8d04f.tmp then renaming to /home/alberto/.config/Insomnia/version-control/projects/prj_42d606abc8d04822aa2a1ef59edd33fd/meta.json
[2025-04-05 02:09:39.393] [info]  [sync] Activated project prj_42d606abc8d04822aa2a1ef59edd33fd
[2025-04-05 02:09:39.393] [info]  [FileSystemDriver] Writing to /projects/prj_42d606abc8d04822aa2a1ef59edd33fd/meta.json
[2025-04-05 02:09:39.394] [info]  [FileSystemDriver] Writing to /home/alberto/.config/Insomnia/version-control/projects/prj_42d606abc8d04822aa2a1ef59edd33fd/meta.json.cab04340-8322-4d69-bb4a-8145ffcc23ba.tmp then renaming to /home/alberto/.config/Insomnia/version-control/projects/prj_42d606abc8d04822aa2a1ef59edd33fd/meta.json
[2025-04-05 02:09:41.206] [info]  [sync] Activated project prj_42d606abc8d04822aa2a1ef59edd33fd
[2025-04-05 02:09:41.207] [info]  [FileSystemDriver] Writing to /projects/prj_42d606abc8d04822aa2a1ef59edd33fd/meta.json
[2025-04-05 02:09:41.207] [info]  [FileSystemDriver] Writing to /home/alberto/.config/Insomnia/version-control/projects/prj_42d606abc8d04822aa2a1ef59edd33fd/meta.json.167f04e7-0056-434a-a785-acda94fa548c.tmp then renaming to /home/alberto/.config/Insomnia/version-control/projects/prj_42d606abc8d04822aa2a1ef59edd33fd/meta.json
[2025-04-05 02:09:44.961] [info]  [network] Response succeeded req=req_b8dfca7cea8b41bbb999a4942f6119c9 status=200
[2025-04-05 02:09:45.074] [info]  [sync] Activated project prj_42d606abc8d04822aa2a1ef59edd33fd
[2025-04-05 02:09:45.075] [info]  [FileSystemDriver] Writing to /projects/prj_42d606abc8d04822aa2a1ef59edd33fd/meta.json
[2025-04-05 02:09:45.075] [info]  [FileSystemDriver] Writing to /home/alberto/.config/Insomnia/version-control/projects/prj_42d606abc8d04822aa2a1ef59edd33fd/meta.json.ab1f628b-f54b-444d-b879-57c89c4a68cf.tmp then renaming to /home/alberto/.config/Insomnia/version-control/projects/prj_42d606abc8d04822aa2a1ef59edd33fd/meta.json
[2025-04-05 02:10:01.588] [info]  [sync] Activated project prj_42d606abc8d04822aa2a1ef59edd33fd
[2025-04-05 02:10:01.589] [info]  [FileSystemDriver] Writing to /projects/prj_42d606abc8d04822aa2a1ef59edd33fd/meta.json
[2025-04-05 02:10:01.589] [info]  [FileSystemDriver] Writing to /home/alberto/.config/Insomnia/version-control/projects/prj_42d606abc8d04822aa2a1ef59edd33fd/meta.json.b43d700b-f310-456f-9b37-8f397c037a9f.tmp then renaming to /home/alberto/.config/Insomnia/version-control/projects/prj_42d606abc8d04822aa2a1ef59edd33fd/meta.json
[2025-04-05 02:12:34.761] [info]  [sync] Activated project prj_42d606abc8d04822aa2a1ef59edd33fd
[2025-04-05 02:12:34.761] [info]  [FileSystemDriver] Writing to /projects/prj_42d606abc8d04822aa2a1ef59edd33fd/meta.json
[2025-04-05 02:12:34.762] [info]  [FileSystemDriver] Writing to /home/alberto/.config/Insomnia/version-control/projects/prj_42d606abc8d04822aa2a1ef59edd33fd/meta.json.1f06325b-7efd-47df-9c66-33be55b72eed.tmp then renaming to /home/alberto/.config/Insomnia/version-control/projects/prj_42d606abc8d04822aa2a1ef59edd33fd/meta.json
[2025-04-05 02:14:31.404] [info]  [sync] Activated project prj_42d606abc8d04822aa2a1ef59edd33fd
[2025-04-05 02:14:31.404] [info]  [FileSystemDriver] Writing to /projects/prj_42d606abc8d04822aa2a1ef59edd33fd/meta.json
[2025-04-05 02:14:31.405] [info]  [FileSystemDriver] Writing to /home/alberto/.config/Insomnia/version-control/projects/prj_42d606abc8d04822aa2a1ef59edd33fd/meta.json.ef8e3fe5-7797-42e2-bcd7-c70873e30dc2.tmp then renaming to /home/alberto/.config/Insomnia/version-control/projects/prj_42d606abc8d04822aa2a1ef59edd33fd/meta.json
[2025-04-05 02:14:36.608] [info]  [sync] Activated project prj_42d606abc8d04822aa2a1ef59edd33fd
[2025-04-05 02:14:36.608] [info]  [FileSystemDriver] Writing to /projects/prj_42d606abc8d04822aa2a1ef59edd33fd/meta.json
[2025-04-05 02:14:36.609] [info]  [FileSystemDriver] Writing to /home/alberto/.config/Insomnia/version-control/projects/prj_42d606abc8d04822aa2a1ef59edd33fd/meta.json.76a8e0cc-1697-493a-8702-36705cbf5c09.tmp then renaming to /home/alberto/.config/Insomnia/version-control/projects/prj_42d606abc8d04822aa2a1ef59edd33fd/meta.json
[2025-04-05 02:14:49.381] [info]  [sync] Activated project prj_42d606abc8d04822aa2a1ef59edd33fd
[2025-04-05 02:14:49.381] [info]  [FileSystemDriver] Writing to /projects/prj_42d606abc8d04822aa2a1ef59edd33fd/meta.json
[2025-04-05 02:14:49.383] [info]  [FileSystemDriver] Writing to /home/alberto/.config/Insomnia/version-control/projects/prj_42d606abc8d04822aa2a1ef59edd33fd/meta.json.4d41e2b9-5798-458f-bb55-c92104c10f4a.tmp then renaming to /home/alberto/.config/Insomnia/version-control/projects/prj_42d606abc8d04822aa2a1ef59edd33fd/meta.json
[2025-04-05 02:15:00.417] [info]  [sync] Activated project prj_42d606abc8d04822aa2a1ef59edd33fd
[2025-04-05 02:15:00.417] [info]  [FileSystemDriver] Writing to /projects/prj_42d606abc8d04822aa2a1ef59edd33fd/meta.json
[2025-04-05 02:15:00.418] [info]  [FileSystemDriver] Writing to /home/alberto/.config/Insomnia/version-control/projects/prj_42d606abc8d04822aa2a1ef59edd33fd/meta.json.472a8f79-9793-436f-91e3-1f06c1204c1c.tmp then renaming to /home/alberto/.config/Insomnia/version-control/projects/prj_42d606abc8d04822aa2a1ef59edd33fd/meta.json
[2025-04-05 02:15:00.807] [info]  [sync] Activated project prj_42d606abc8d04822aa2a1ef59edd33fd
[2025-04-05 02:15:00.807] [info]  [FileSystemDriver] Writing to /projects/prj_42d606abc8d04822aa2a1ef59edd33fd/meta.json
[2025-04-05 02:15:00.807] [info]  [FileSystemDriver] Writing to /home/alberto/.config/Insomnia/version-control/projects/prj_42d606abc8d04822aa2a1ef59edd33fd/meta.json.8a00bdd3-6bc7-439a-b5ef-8ae0c3f731ac.tmp then renaming to /home/alberto/.config/Insomnia/version-control/projects/prj_42d606abc8d04822aa2a1ef59edd33fd/meta.json
[2025-04-05 02:15:01.211] [info]  [sync] Activated project prj_42d606abc8d04822aa2a1ef59edd33fd
[2025-04-05 02:15:01.211] [info]  [FileSystemDriver] Writing to /projects/prj_42d606abc8d04822aa2a1ef59edd33fd/meta.json
[2025-04-05 02:15:01.211] [info]  [FileSystemDriver] Writing to /home/alberto/.config/Insomnia/version-control/projects/prj_42d606abc8d04822aa2a1ef59edd33fd/meta.json.ee277147-b2da-485a-8a89-13172a83f10e.tmp then renaming to /home/alberto/.config/Insomnia/version-control/projects/prj_42d606abc8d04822aa2a1ef59edd33fd/meta.json
[2025-04-05 02:15:01.791] [info]  [sync] Activated project prj_42d606abc8d04822aa2a1ef59edd33fd
[2025-04-05 02:15:01.791] [info]  [FileSystemDriver] Writing to /projects/prj_42d606abc8d04822aa2a1ef59edd33fd/meta.json
[2025-04-05 02:15:01.792] [info]  [FileSystemDriver] Writing to /home/alberto/.config/Insomnia/version-control/projects/prj_42d606abc8d04822aa2a1ef59edd33fd/meta.json.3a893643-e0f1-44ac-b6e3-4b33b9a06b76.tmp then renaming to /home/alberto/.config/Insomnia/version-control/projects/prj_42d606abc8d04822aa2a1ef59edd33fd/meta.json
[2025-04-05 02:15:02.661] [info]  [sync] Activated project prj_42d606abc8d04822aa2a1ef59edd33fd
[2025-04-05 02:15:02.661] [info]  [FileSystemDriver] Writing to /projects/prj_42d606abc8d04822aa2a1ef59edd33fd/meta.json
[2025-04-05 02:15:02.661] [info]  [FileSystemDriver] Writing to /home/alberto/.config/Insomnia/version-control/projects/prj_42d606abc8d04822aa2a1ef59edd33fd/meta.json.6fc2fab7-1156-4760-829e-e8e8a580e77a.tmp then renaming to /home/alberto/.config/Insomnia/version-control/projects/prj_42d606abc8d04822aa2a1ef59edd33fd/meta.json
[2025-04-05 02:15:03.049] [info]  [sync] Activated project prj_42d606abc8d04822aa2a1ef59edd33fd
[2025-04-05 02:15:03.049] [info]  [FileSystemDriver] Writing to /projects/prj_42d606abc8d04822aa2a1ef59edd33fd/meta.json
[2025-04-05 02:15:03.050] [info]  [FileSystemDriver] Writing to /home/alberto/.config/Insomnia/version-control/projects/prj_42d606abc8d04822aa2a1ef59edd33fd/meta.json.2aaec2a5-c8eb-4edb-aa21-315489663fec.tmp then renaming to /home/alberto/.config/Insomnia/version-control/projects/prj_42d606abc8d04822aa2a1ef59edd33fd/meta.json
[2025-04-05 02:15:03.719] [info]  [sync] Activated project prj_42d606abc8d04822aa2a1ef59edd33fd
[2025-04-05 02:15:03.719] [info]  [FileSystemDriver] Writing to /projects/prj_42d606abc8d04822aa2a1ef59edd33fd/meta.json
[2025-04-05 02:15:03.720] [info]  [FileSystemDriver] Writing to /home/alberto/.config/Insomnia/version-control/projects/prj_42d606abc8d04822aa2a1ef59edd33fd/meta.json.01794a7f-6049-492d-92bb-b87d98ace285.tmp then renaming to /home/alberto/.config/Insomnia/version-control/projects/prj_42d606abc8d04822aa2a1ef59edd33fd/meta.json
[2025-04-05 02:15:05.698] [info]  [sync] Activated project prj_42d606abc8d04822aa2a1ef59edd33fd
[2025-04-05 02:15:05.698] [info]  [FileSystemDriver] Writing to /projects/prj_42d606abc8d04822aa2a1ef59edd33fd/meta.json
[2025-04-05 02:15:05.699] [info]  [FileSystemDriver] Writing to /home/alberto/.config/Insomnia/version-control/projects/prj_42d606abc8d04822aa2a1ef59edd33fd/meta.json.604672df-6261-41c1-9292-a97a7cc42e37.tmp then renaming to /home/alberto/.config/Insomnia/version-control/projects/prj_42d606abc8d04822aa2a1ef59edd33fd/meta.json
[2025-04-05 02:15:11.000] [info]  [sync] Activated project prj_42d606abc8d04822aa2a1ef59edd33fd
[2025-04-05 02:15:11.000] [info]  [FileSystemDriver] Writing to /projects/prj_42d606abc8d04822aa2a1ef59edd33fd/meta.json
[2025-04-05 02:15:11.001] [info]  [FileSystemDriver] Writing to /home/alberto/.config/Insomnia/version-control/projects/prj_42d606abc8d04822aa2a1ef59edd33fd/meta.json.20bd9c10-3f12-46d7-bf18-8991b4ec12b2.tmp then renaming to /home/alberto/.config/Insomnia/version-control/projects/prj_42d606abc8d04822aa2a1ef59edd33fd/meta.json
[2025-04-05 02:15:14.395] [info]  [network] Response succeeded req=req_b8dfca7cea8b41bbb999a4942f6119c9 status=200
[2025-04-05 02:15:14.523] [info]  [sync] Activated project prj_42d606abc8d04822aa2a1ef59edd33fd
[2025-04-05 02:15:14.523] [info]  [FileSystemDriver] Writing to /projects/prj_42d606abc8d04822aa2a1ef59edd33fd/meta.json
[2025-04-05 02:15:14.524] [info]  [FileSystemDriver] Writing to /home/alberto/.config/Insomnia/version-control/projects/prj_42d606abc8d04822aa2a1ef59edd33fd/meta.json.0187d542-b48b-4bda-9b27-f58cd46142e7.tmp then renaming to /home/alberto/.config/Insomnia/version-control/projects/prj_42d606abc8d04822aa2a1ef59edd33fd/meta.json
[2025-04-05 02:17:02.026] [info]  [sync] Activated project prj_42d606abc8d04822aa2a1ef59edd33fd
[2025-04-05 02:17:02.026] [info]  [FileSystemDriver] Writing to /projects/prj_42d606abc8d04822aa2a1ef59edd33fd/meta.json
[2025-04-05 02:17:02.027] [info]  [FileSystemDriver] Writing to /home/alberto/.config/Insomnia/version-control/projects/prj_42d606abc8d04822aa2a1ef59edd33fd/meta.json.fe2f3723-3628-41d8-9e8c-44cc17849306.tmp then renaming to /home/alberto/.config/Insomnia/version-control/projects/prj_42d606abc8d04822aa2a1ef59edd33fd/meta.json
[2025-04-05 02:17:05.286] [info]  [network] Response succeeded req=req_b8dfca7cea8b41bbb999a4942f6119c9 status=200
[2025-04-05 02:17:05.432] [info]  [sync] Activated project prj_42d606abc8d04822aa2a1ef59edd33fd
[2025-04-05 02:17:05.433] [info]  [FileSystemDriver] Writing to /projects/prj_42d606abc8d04822aa2a1ef59edd33fd/meta.json
[2025-04-05 02:17:05.433] [info]  [FileSystemDriver] Writing to /home/alberto/.config/Insomnia/version-control/projects/prj_42d606abc8d04822aa2a1ef59edd33fd/meta.json.31a90ee7-7338-49ae-aae4-43ef84eb8c10.tmp then renaming to /home/alberto/.config/Insomnia/version-control/projects/prj_42d606abc8d04822aa2a1ef59edd33fd/meta.json
[2025-04-05 02:17:12.993] [info]  [sync] Activated project prj_42d606abc8d04822aa2a1ef59edd33fd
[2025-04-05 02:17:12.993] [info]  [FileSystemDriver] Writing to /projects/prj_42d606abc8d04822aa2a1ef59edd33fd/meta.json
[2025-04-05 02:17:12.994] [info]  [FileSystemDriver] Writing to /home/alberto/.config/Insomnia/version-control/projects/prj_42d606abc8d04822aa2a1ef59edd33fd/meta.json.5f9591b9-75ca-4179-93c2-02087f3ce16e.tmp then renaming to /home/alberto/.config/Insomnia/version-control/projects/prj_42d606abc8d04822aa2a1ef59edd33fd/meta.json
[2025-04-05 02:17:14.894] [info]  [sync] Activated project prj_42d606abc8d04822aa2a1ef59edd33fd
[2025-04-05 02:17:14.895] [info]  [FileSystemDriver] Writing to /projects/prj_42d606abc8d04822aa2a1ef59edd33fd/meta.json
[2025-04-05 02:17:14.895] [info]  [FileSystemDriver] Writing to /home/alberto/.config/Insomnia/version-control/projects/prj_42d606abc8d04822aa2a1ef59edd33fd/meta.json.53a73298-ab42-46e8-b8f1-749886f11453.tmp then renaming to /home/alberto/.config/Insomnia/version-control/projects/prj_42d606abc8d04822aa2a1ef59edd33fd/meta.json
[2025-04-05 02:17:15.581] [info]  [sync] Activated project prj_42d606abc8d04822aa2a1ef59edd33fd
[2025-04-05 02:17:15.581] [info]  [FileSystemDriver] Writing to /projects/prj_42d606abc8d04822aa2a1ef59edd33fd/meta.json
[2025-04-05 02:17:15.582] [info]  [FileSystemDriver] Writing to /home/alberto/.config/Insomnia/version-control/projects/prj_42d606abc8d04822aa2a1ef59edd33fd/meta.json.1f0acf83-80f3-448d-8722-078757f9455e.tmp then renaming to /home/alberto/.config/Insomnia/version-control/projects/prj_42d606abc8d04822aa2a1ef59edd33fd/meta.json
[2025-04-05 02:17:16.505] [info]  [sync] Activated project prj_42d606abc8d04822aa2a1ef59edd33fd
[2025-04-05 02:17:16.506] [info]  [FileSystemDriver] Writing to /projects/prj_42d606abc8d04822aa2a1ef59edd33fd/meta.json
[2025-04-05 02:17:16.507] [info]  [FileSystemDriver] Writing to /home/alberto/.config/Insomnia/version-control/projects/prj_42d606abc8d04822aa2a1ef59edd33fd/meta.json.05673b34-b1d0-47fd-89ff-35c57820ef6a.tmp then renaming to /home/alberto/.config/Insomnia/version-control/projects/prj_42d606abc8d04822aa2a1ef59edd33fd/meta.json
[2025-04-05 02:17:16.630] [info]  [sync] Activated project prj_42d606abc8d04822aa2a1ef59edd33fd
[2025-04-05 02:17:16.630] [info]  [FileSystemDriver] Writing to /projects/prj_42d606abc8d04822aa2a1ef59edd33fd/meta.json
[2025-04-05 02:17:16.631] [info]  [FileSystemDriver] Writing to /home/alberto/.config/Insomnia/version-control/projects/prj_42d606abc8d04822aa2a1ef59edd33fd/meta.json.d6f008aa-d076-4d99-9ea2-ce34e1052cc3.tmp then renaming to /home/alberto/.config/Insomnia/version-control/projects/prj_42d606abc8d04822aa2a1ef59edd33fd/meta.json
[2025-04-05 02:17:19.373] [info]  [network] Response succeeded req=req_b8dfca7cea8b41bbb999a4942f6119c9 status=200
[2025-04-05 02:17:19.532] [info]  [sync] Activated project prj_42d606abc8d04822aa2a1ef59edd33fd
[2025-04-05 02:17:19.532] [info]  [FileSystemDriver] Writing to /projects/prj_42d606abc8d04822aa2a1ef59edd33fd/meta.json
[2025-04-05 02:17:19.533] [info]  [FileSystemDriver] Writing to /home/alberto/.config/Insomnia/version-control/projects/prj_42d606abc8d04822aa2a1ef59edd33fd/meta.json.ef55776d-c463-434b-8e9a-e94e5d153395.tmp then renaming to /home/alberto/.config/Insomnia/version-control/projects/prj_42d606abc8d04822aa2a1ef59edd33fd/meta.json
[2025-04-05 02:17:23.954] [info]  [sync] Activated project prj_42d606abc8d04822aa2a1ef59edd33fd
[2025-04-05 02:17:23.955] [info]  [FileSystemDriver] Writing to /projects/prj_42d606abc8d04822aa2a1ef59edd33fd/meta.json
[2025-04-05 02:17:23.955] [info]  [FileSystemDriver] Writing to /home/alberto/.config/Insomnia/version-control/projects/prj_42d606abc8d04822aa2a1ef59edd33fd/meta.json.70eca408-7168-4aaa-9dd3-93c53e0acfa8.tmp then renaming to /home/alberto/.config/Insomnia/version-control/projects/prj_42d606abc8d04822aa2a1ef59edd33fd/meta.json
[2025-04-05 02:17:24.316] [info]  [sync] Activated project prj_42d606abc8d04822aa2a1ef59edd33fd
[2025-04-05 02:17:24.316] [info]  [FileSystemDriver] Writing to /projects/prj_42d606abc8d04822aa2a1ef59edd33fd/meta.json
[2025-04-05 02:17:24.316] [info]  [FileSystemDriver] Writing to /home/alberto/.config/Insomnia/version-control/projects/prj_42d606abc8d04822aa2a1ef59edd33fd/meta.json.b61dee38-571d-4bb6-927e-143b495e459e.tmp then renaming to /home/alberto/.config/Insomnia/version-control/projects/prj_42d606abc8d04822aa2a1ef59edd33fd/meta.json
[2025-04-05 02:17:26.290] [info]  [sync] Activated project prj_42d606abc8d04822aa2a1ef59edd33fd
[2025-04-05 02:17:26.290] [info]  [FileSystemDriver] Writing to /projects/prj_42d606abc8d04822aa2a1ef59edd33fd/meta.json
[2025-04-05 02:17:26.290] [info]  [FileSystemDriver] Writing to /home/alberto/.config/Insomnia/version-control/projects/prj_42d606abc8d04822aa2a1ef59edd33fd/meta.json.d33d6f06-3810-45f2-a263-7ff39a3781a9.tmp then renaming to /home/alberto/.config/Insomnia/version-control/projects/prj_42d606abc8d04822aa2a1ef59edd33fd/meta.json
[2025-04-05 02:17:26.447] [info]  [sync] Activated project prj_42d606abc8d04822aa2a1ef59edd33fd
[2025-04-05 02:17:26.447] [info]  [FileSystemDriver] Writing to /projects/prj_42d606abc8d04822aa2a1ef59edd33fd/meta.json
[2025-04-05 02:17:26.448] [info]  [FileSystemDriver] Writing to /home/alberto/.config/Insomnia/version-control/projects/prj_42d606abc8d04822aa2a1ef59edd33fd/meta.json.f1d27a28-532c-48dd-9ea8-333c42b8c77a.tmp then renaming to /home/alberto/.config/Insomnia/version-control/projects/prj_42d606abc8d04822aa2a1ef59edd33fd/meta.json
[2025-04-05 02:17:28.908] [info]  [sync] Activated project prj_42d606abc8d04822aa2a1ef59edd33fd
[2025-04-05 02:17:28.908] [info]  [FileSystemDriver] Writing to /projects/prj_42d606abc8d04822aa2a1ef59edd33fd/meta.json
[2025-04-05 02:17:28.909] [info]  [FileSystemDriver] Writing to /home/alberto/.config/Insomnia/version-control/projects/prj_42d606abc8d04822aa2a1ef59edd33fd/meta.json.04259d95-f112-47fd-a80b-05ac5a20375c.tmp then renaming to /home/alberto/.config/Insomnia/version-control/projects/prj_42d606abc8d04822aa2a1ef59edd33fd/meta.json
[2025-04-05 02:17:29.872] [info]  [sync] Activated project prj_42d606abc8d04822aa2a1ef59edd33fd
[2025-04-05 02:17:29.872] [info]  [FileSystemDriver] Writing to /projects/prj_42d606abc8d04822aa2a1ef59edd33fd/meta.json
[2025-04-05 02:17:29.872] [info]  [FileSystemDriver] Writing to /home/alberto/.config/Insomnia/version-control/projects/prj_42d606abc8d04822aa2a1ef59edd33fd/meta.json.32699920-f79d-4d0a-8bb2-c6bb6c7d20fb.tmp then renaming to /home/alberto/.config/Insomnia/version-control/projects/prj_42d606abc8d04822aa2a1ef59edd33fd/meta.json
[2025-04-05 02:17:32.788] [info]  [network] Response succeeded req=req_b8dfca7cea8b41bbb999a4942f6119c9 status=200
[2025-04-05 02:17:32.890] [info]  [sync] Activated project prj_42d606abc8d04822aa2a1ef59edd33fd
[2025-04-05 02:17:32.890] [info]  [FileSystemDriver] Writing to /projects/prj_42d606abc8d04822aa2a1ef59edd33fd/meta.json
[2025-04-05 02:17:32.890] [info]  [FileSystemDriver] Writing to /home/alberto/.config/Insomnia/version-control/projects/prj_42d606abc8d04822aa2a1ef59edd33fd/meta.json.8ed11452-2083-46ea-90da-9ad6e5aff670.tmp then renaming to /home/alberto/.config/Insomnia/version-control/projects/prj_42d606abc8d04822aa2a1ef59edd33fd/meta.json
