3/23/2025, 2:26:48 PM GMT+3 [Modules] Modules initializing
3/23/2025, 2:26:48 PM GMT+3 [Modules] Distribution: remote
3/23/2025, 2:26:48 PM GMT+3 [Modules] Host updates: enabled
3/23/2025, 2:26:48 PM GMT+3 [Modules] Module updates: enabled
3/23/2025, 2:26:48 PM GMT+3 [Modules] Module install path: /home/alberto/.config/discord/0.0.88/modules
3/23/2025, 2:26:48 PM GMT+3 [Modules] Module installed file path: /home/alberto/.config/discord/0.0.88/modules/installed.json
3/23/2025, 2:26:48 PM GMT+3 [Modules] Module download path: /home/alberto/.config/discord/0.0.88/modules/pending
3/23/2025, 2:26:49 PM GMT+3 [Modules] Bootstrapping...
3/23/2025, 2:26:49 PM GMT+3 [Modules] Installing discord_desktop_core@0 from /opt/discord/resources/bootstrap/discord_desktop_core.zip
3/23/2025, 2:26:49 PM GMT+3 [Modules] Failed installing discord_desktop_core@0: Error: ENOENT: no such file or directory, open '/opt/discord/resources/bootstrap/discord_desktop_core.zip'
3/23/2025, 2:26:49 PM GMT+3 [Modules] Installing discord_erlpack@0 from /opt/discord/resources/bootstrap/discord_erlpack.zip
3/23/2025, 2:26:49 PM GMT+3 [Modules] Failed installing discord_erlpack@0: Error: ENOENT: no such file or directory, open '/opt/discord/resources/bootstrap/discord_erlpack.zip'
3/23/2025, 2:26:49 PM GMT+3 [Modules] Installing discord_spellcheck@0 from /opt/discord/resources/bootstrap/discord_spellcheck.zip
3/23/2025, 2:26:49 PM GMT+3 [Modules] Failed installing discord_spellcheck@0: Error: ENOENT: no such file or directory, open '/opt/discord/resources/bootstrap/discord_spellcheck.zip'
3/23/2025, 2:26:49 PM GMT+3 [Modules] Installing discord_utils@0 from /opt/discord/resources/bootstrap/discord_utils.zip
3/23/2025, 2:26:49 PM GMT+3 [Modules] Failed installing discord_utils@0: Error: ENOENT: no such file or directory, open '/opt/discord/resources/bootstrap/discord_utils.zip'
3/23/2025, 2:26:49 PM GMT+3 [Modules] Installing discord_voice@0 from /opt/discord/resources/bootstrap/discord_voice.zip
3/23/2025, 2:26:49 PM GMT+3 [Modules] Failed installing discord_voice@0: Error: ENOENT: no such file or directory, open '/opt/discord/resources/bootstrap/discord_voice.zip'
3/23/2025, 2:26:49 PM GMT+3 [Modules] Installing discord_zstd@0 from /opt/discord/resources/bootstrap/discord_zstd.zip
3/23/2025, 2:26:49 PM GMT+3 [Modules] Failed installing discord_zstd@0: Error: ENOENT: no such file or directory, open '/opt/discord/resources/bootstrap/discord_zstd.zip'
3/23/2025, 2:26:49 PM GMT+3 [Modules] Finished module installations. [success: 0] [failure: 6]
3/23/2025, 2:26:49 PM GMT+3 [Modules] Checking for host updates.
3/23/2025, 2:26:50 PM GMT+3 [Modules] Host is up to date.
3/23/2025, 2:26:50 PM GMT+3 [Modules] Checking for module updates at https://discord.com/api/modules/stable/versions.json
3/23/2025, 2:26:50 PM GMT+3 [Modules] Module update available: discord_desktop_core@1 [installed: 0]
3/23/2025, 2:26:50 PM GMT+3 [Modules] Module update available: discord_erlpack@1 [installed: 0]
3/23/2025, 2:26:50 PM GMT+3 [Modules] Module update available: discord_spellcheck@1 [installed: 0]
3/23/2025, 2:26:50 PM GMT+3 [Modules] Module update available: discord_utils@1 [installed: 0]
3/23/2025, 2:26:50 PM GMT+3 [Modules] Module update available: discord_voice@1 [installed: 0]
3/23/2025, 2:26:50 PM GMT+3 [Modules] Module update available: discord_zstd@1 [installed: 0]
3/23/2025, 2:26:50 PM GMT+3 [Modules] Fetching discord_desktop_core@1 from https://discord.com/api/modules/stable/discord_desktop_core/1
3/23/2025, 2:26:50 PM GMT+3 [Modules] Streaming discord_desktop_core@1 to /home/alberto/.config/discord/0.0.88/modules/pending/discord_desktop_core-1.zip
3/23/2025, 2:26:52 PM GMT+3 [Modules] Streaming discord_desktop_core@1 to /home/alberto/.config/discord/0.0.88/modules/pending/discord_desktop_core-1.zip: 1%
3/23/2025, 2:26:52 PM GMT+3 [Modules] Streaming discord_desktop_core@1 to /home/alberto/.config/discord/0.0.88/modules/pending/discord_desktop_core-1.zip: 2%
3/23/2025, 2:26:52 PM GMT+3 [Modules] Streaming discord_desktop_core@1 to /home/alberto/.config/discord/0.0.88/modules/pending/discord_desktop_core-1.zip: 3%
3/23/2025, 2:26:52 PM GMT+3 [Modules] Streaming discord_desktop_core@1 to /home/alberto/.config/discord/0.0.88/modules/pending/discord_desktop_core-1.zip: 4%
3/23/2025, 2:26:52 PM GMT+3 [Modules] Streaming discord_desktop_core@1 to /home/alberto/.config/discord/0.0.88/modules/pending/discord_desktop_core-1.zip: 5%
3/23/2025, 2:26:52 PM GMT+3 [Modules] Streaming discord_desktop_core@1 to /home/alberto/.config/discord/0.0.88/modules/pending/discord_desktop_core-1.zip: 6%
3/23/2025, 2:26:52 PM GMT+3 [Modules] Streaming discord_desktop_core@1 to /home/alberto/.config/discord/0.0.88/modules/pending/discord_desktop_core-1.zip: 7%
3/23/2025, 2:26:52 PM GMT+3 [Modules] Streaming discord_desktop_core@1 to /home/alberto/.config/discord/0.0.88/modules/pending/discord_desktop_core-1.zip: 8%
3/23/2025, 2:26:52 PM GMT+3 [Modules] Streaming discord_desktop_core@1 to /home/alberto/.config/discord/0.0.88/modules/pending/discord_desktop_core-1.zip: 9%
3/23/2025, 2:26:52 PM GMT+3 [Modules] Streaming discord_desktop_core@1 to /home/alberto/.config/discord/0.0.88/modules/pending/discord_desktop_core-1.zip: 10%
3/23/2025, 2:26:52 PM GMT+3 [Modules] Streaming discord_desktop_core@1 to /home/alberto/.config/discord/0.0.88/modules/pending/discord_desktop_core-1.zip: 11%
3/23/2025, 2:26:52 PM GMT+3 [Modules] Streaming discord_desktop_core@1 to /home/alberto/.config/discord/0.0.88/modules/pending/discord_desktop_core-1.zip: 12%
3/23/2025, 2:26:52 PM GMT+3 [Modules] Streaming discord_desktop_core@1 to /home/alberto/.config/discord/0.0.88/modules/pending/discord_desktop_core-1.zip: 15%
3/23/2025, 2:26:52 PM GMT+3 [Modules] Streaming discord_desktop_core@1 to /home/alberto/.config/discord/0.0.88/modules/pending/discord_desktop_core-1.zip: 16%
3/23/2025, 2:26:52 PM GMT+3 [Modules] Streaming discord_desktop_core@1 to /home/alberto/.config/discord/0.0.88/modules/pending/discord_desktop_core-1.zip: 17%
3/23/2025, 2:26:52 PM GMT+3 [Modules] Streaming discord_desktop_core@1 to /home/alberto/.config/discord/0.0.88/modules/pending/discord_desktop_core-1.zip: 18%
3/23/2025, 2:26:52 PM GMT+3 [Modules] Streaming discord_desktop_core@1 to /home/alberto/.config/discord/0.0.88/modules/pending/discord_desktop_core-1.zip: 19%
3/23/2025, 2:26:52 PM GMT+3 [Modules] Streaming discord_desktop_core@1 to /home/alberto/.config/discord/0.0.88/modules/pending/discord_desktop_core-1.zip: 20%
3/23/2025, 2:26:52 PM GMT+3 [Modules] Streaming discord_desktop_core@1 to /home/alberto/.config/discord/0.0.88/modules/pending/discord_desktop_core-1.zip: 21%
3/23/2025, 2:26:52 PM GMT+3 [Modules] Streaming discord_desktop_core@1 to /home/alberto/.config/discord/0.0.88/modules/pending/discord_desktop_core-1.zip: 22%
3/23/2025, 2:26:52 PM GMT+3 [Modules] Streaming discord_desktop_core@1 to /home/alberto/.config/discord/0.0.88/modules/pending/discord_desktop_core-1.zip: 23%
3/23/2025, 2:26:52 PM GMT+3 [Modules] Streaming discord_desktop_core@1 to /home/alberto/.config/discord/0.0.88/modules/pending/discord_desktop_core-1.zip: 24%
3/23/2025, 2:26:52 PM GMT+3 [Modules] Streaming discord_desktop_core@1 to /home/alberto/.config/discord/0.0.88/modules/pending/discord_desktop_core-1.zip: 25%
3/23/2025, 2:26:52 PM GMT+3 [Modules] Streaming discord_desktop_core@1 to /home/alberto/.config/discord/0.0.88/modules/pending/discord_desktop_core-1.zip: 26%
3/23/2025, 2:26:52 PM GMT+3 [Modules] Streaming discord_desktop_core@1 to /home/alberto/.config/discord/0.0.88/modules/pending/discord_desktop_core-1.zip: 27%
3/23/2025, 2:26:52 PM GMT+3 [Modules] Streaming discord_desktop_core@1 to /home/alberto/.config/discord/0.0.88/modules/pending/discord_desktop_core-1.zip: 29%
3/23/2025, 2:26:52 PM GMT+3 [Modules] Streaming discord_desktop_core@1 to /home/alberto/.config/discord/0.0.88/modules/pending/discord_desktop_core-1.zip: 30%
3/23/2025, 2:26:52 PM GMT+3 [Modules] Streaming discord_desktop_core@1 to /home/alberto/.config/discord/0.0.88/modules/pending/discord_desktop_core-1.zip: 31%
3/23/2025, 2:26:52 PM GMT+3 [Modules] Streaming discord_desktop_core@1 to /home/alberto/.config/discord/0.0.88/modules/pending/discord_desktop_core-1.zip: 32%
3/23/2025, 2:26:52 PM GMT+3 [Modules] Streaming discord_desktop_core@1 to /home/alberto/.config/discord/0.0.88/modules/pending/discord_desktop_core-1.zip: 35%
3/23/2025, 2:26:52 PM GMT+3 [Modules] Streaming discord_desktop_core@1 to /home/alberto/.config/discord/0.0.88/modules/pending/discord_desktop_core-1.zip: 37%
3/23/2025, 2:26:52 PM GMT+3 [Modules] Streaming discord_desktop_core@1 to /home/alberto/.config/discord/0.0.88/modules/pending/discord_desktop_core-1.zip: 39%
3/23/2025, 2:26:52 PM GMT+3 [Modules] Streaming discord_desktop_core@1 to /home/alberto/.config/discord/0.0.88/modules/pending/discord_desktop_core-1.zip: 40%
3/23/2025, 2:26:52 PM GMT+3 [Modules] Streaming discord_desktop_core@1 to /home/alberto/.config/discord/0.0.88/modules/pending/discord_desktop_core-1.zip: 41%
3/23/2025, 2:26:52 PM GMT+3 [Modules] Streaming discord_desktop_core@1 to /home/alberto/.config/discord/0.0.88/modules/pending/discord_desktop_core-1.zip: 45%
3/23/2025, 2:26:52 PM GMT+3 [Modules] Streaming discord_desktop_core@1 to /home/alberto/.config/discord/0.0.88/modules/pending/discord_desktop_core-1.zip: 47%
3/23/2025, 2:26:52 PM GMT+3 [Modules] Streaming discord_desktop_core@1 to /home/alberto/.config/discord/0.0.88/modules/pending/discord_desktop_core-1.zip: 49%
3/23/2025, 2:26:52 PM GMT+3 [Modules] Streaming discord_desktop_core@1 to /home/alberto/.config/discord/0.0.88/modules/pending/discord_desktop_core-1.zip: 50%
3/23/2025, 2:26:52 PM GMT+3 [Modules] Streaming discord_desktop_core@1 to /home/alberto/.config/discord/0.0.88/modules/pending/discord_desktop_core-1.zip: 53%
3/23/2025, 2:26:52 PM GMT+3 [Modules] Streaming discord_desktop_core@1 to /home/alberto/.config/discord/0.0.88/modules/pending/discord_desktop_core-1.zip: 55%
3/23/2025, 2:26:52 PM GMT+3 [Modules] Streaming discord_desktop_core@1 to /home/alberto/.config/discord/0.0.88/modules/pending/discord_desktop_core-1.zip: 56%
3/23/2025, 2:26:52 PM GMT+3 [Modules] Streaming discord_desktop_core@1 to /home/alberto/.config/discord/0.0.88/modules/pending/discord_desktop_core-1.zip: 58%
3/23/2025, 2:26:52 PM GMT+3 [Modules] Streaming discord_desktop_core@1 to /home/alberto/.config/discord/0.0.88/modules/pending/discord_desktop_core-1.zip: 60%
3/23/2025, 2:26:52 PM GMT+3 [Modules] Streaming discord_desktop_core@1 to /home/alberto/.config/discord/0.0.88/modules/pending/discord_desktop_core-1.zip: 61%
3/23/2025, 2:26:52 PM GMT+3 [Modules] Streaming discord_desktop_core@1 to /home/alberto/.config/discord/0.0.88/modules/pending/discord_desktop_core-1.zip: 64%
3/23/2025, 2:26:52 PM GMT+3 [Modules] Streaming discord_desktop_core@1 to /home/alberto/.config/discord/0.0.88/modules/pending/discord_desktop_core-1.zip: 65%
3/23/2025, 2:26:52 PM GMT+3 [Modules] Streaming discord_desktop_core@1 to /home/alberto/.config/discord/0.0.88/modules/pending/discord_desktop_core-1.zip: 66%
3/23/2025, 2:26:52 PM GMT+3 [Modules] Streaming discord_desktop_core@1 to /home/alberto/.config/discord/0.0.88/modules/pending/discord_desktop_core-1.zip: 68%
3/23/2025, 2:26:52 PM GMT+3 [Modules] Streaming discord_desktop_core@1 to /home/alberto/.config/discord/0.0.88/modules/pending/discord_desktop_core-1.zip: 70%
3/23/2025, 2:26:52 PM GMT+3 [Modules] Streaming discord_desktop_core@1 to /home/alberto/.config/discord/0.0.88/modules/pending/discord_desktop_core-1.zip: 72%
3/23/2025, 2:26:52 PM GMT+3 [Modules] Streaming discord_desktop_core@1 to /home/alberto/.config/discord/0.0.88/modules/pending/discord_desktop_core-1.zip: 74%
3/23/2025, 2:26:52 PM GMT+3 [Modules] Streaming discord_desktop_core@1 to /home/alberto/.config/discord/0.0.88/modules/pending/discord_desktop_core-1.zip: 76%
3/23/2025, 2:26:52 PM GMT+3 [Modules] Streaming discord_desktop_core@1 to /home/alberto/.config/discord/0.0.88/modules/pending/discord_desktop_core-1.zip: 78%
3/23/2025, 2:26:52 PM GMT+3 [Modules] Streaming discord_desktop_core@1 to /home/alberto/.config/discord/0.0.88/modules/pending/discord_desktop_core-1.zip: 80%
3/23/2025, 2:26:52 PM GMT+3 [Modules] Streaming discord_desktop_core@1 to /home/alberto/.config/discord/0.0.88/modules/pending/discord_desktop_core-1.zip: 83%
3/23/2025, 2:26:52 PM GMT+3 [Modules] Streaming discord_desktop_core@1 to /home/alberto/.config/discord/0.0.88/modules/pending/discord_desktop_core-1.zip: 84%
3/23/2025, 2:26:52 PM GMT+3 [Modules] Streaming discord_desktop_core@1 to /home/alberto/.config/discord/0.0.88/modules/pending/discord_desktop_core-1.zip: 87%
3/23/2025, 2:26:52 PM GMT+3 [Modules] Streaming discord_desktop_core@1 to /home/alberto/.config/discord/0.0.88/modules/pending/discord_desktop_core-1.zip: 88%
3/23/2025, 2:26:52 PM GMT+3 [Modules] Streaming discord_desktop_core@1 to /home/alberto/.config/discord/0.0.88/modules/pending/discord_desktop_core-1.zip: 90%
3/23/2025, 2:26:52 PM GMT+3 [Modules] Streaming discord_desktop_core@1 to /home/alberto/.config/discord/0.0.88/modules/pending/discord_desktop_core-1.zip: 91%
3/23/2025, 2:26:52 PM GMT+3 [Modules] Streaming discord_desktop_core@1 to /home/alberto/.config/discord/0.0.88/modules/pending/discord_desktop_core-1.zip: 94%
3/23/2025, 2:26:52 PM GMT+3 [Modules] Streaming discord_desktop_core@1 to /home/alberto/.config/discord/0.0.88/modules/pending/discord_desktop_core-1.zip: 96%
3/23/2025, 2:26:52 PM GMT+3 [Modules] Streaming discord_desktop_core@1 to /home/alberto/.config/discord/0.0.88/modules/pending/discord_desktop_core-1.zip: 98%
3/23/2025, 2:26:52 PM GMT+3 [Modules] Streaming discord_desktop_core@1 to /home/alberto/.config/discord/0.0.88/modules/pending/discord_desktop_core-1.zip: 100%
3/23/2025, 2:26:52 PM GMT+3 [Modules] Fetching discord_erlpack@1 from https://discord.com/api/modules/stable/discord_erlpack/1
3/23/2025, 2:26:52 PM GMT+3 [Modules] Streaming discord_erlpack@1 to /home/alberto/.config/discord/0.0.88/modules/pending/discord_erlpack-1.zip
3/23/2025, 2:26:53 PM GMT+3 [Modules] Streaming discord_erlpack@1 to /home/alberto/.config/discord/0.0.88/modules/pending/discord_erlpack-1.zip: 3%
3/23/2025, 2:26:53 PM GMT+3 [Modules] Streaming discord_erlpack@1 to /home/alberto/.config/discord/0.0.88/modules/pending/discord_erlpack-1.zip: 6%
3/23/2025, 2:26:53 PM GMT+3 [Modules] Streaming discord_erlpack@1 to /home/alberto/.config/discord/0.0.88/modules/pending/discord_erlpack-1.zip: 8%
3/23/2025, 2:26:53 PM GMT+3 [Modules] Streaming discord_erlpack@1 to /home/alberto/.config/discord/0.0.88/modules/pending/discord_erlpack-1.zip: 9%
3/23/2025, 2:26:53 PM GMT+3 [Modules] Streaming discord_erlpack@1 to /home/alberto/.config/discord/0.0.88/modules/pending/discord_erlpack-1.zip: 12%
3/23/2025, 2:26:53 PM GMT+3 [Modules] Streaming discord_erlpack@1 to /home/alberto/.config/discord/0.0.88/modules/pending/discord_erlpack-1.zip: 14%
3/23/2025, 2:26:53 PM GMT+3 [Modules] Streaming discord_erlpack@1 to /home/alberto/.config/discord/0.0.88/modules/pending/discord_erlpack-1.zip: 16%
3/23/2025, 2:26:53 PM GMT+3 [Modules] Streaming discord_erlpack@1 to /home/alberto/.config/discord/0.0.88/modules/pending/discord_erlpack-1.zip: 18%
3/23/2025, 2:26:53 PM GMT+3 [Modules] Streaming discord_erlpack@1 to /home/alberto/.config/discord/0.0.88/modules/pending/discord_erlpack-1.zip: 20%
3/23/2025, 2:26:53 PM GMT+3 [Modules] Streaming discord_erlpack@1 to /home/alberto/.config/discord/0.0.88/modules/pending/discord_erlpack-1.zip: 22%
3/23/2025, 2:26:53 PM GMT+3 [Modules] Streaming discord_erlpack@1 to /home/alberto/.config/discord/0.0.88/modules/pending/discord_erlpack-1.zip: 24%
3/23/2025, 2:26:53 PM GMT+3 [Modules] Streaming discord_erlpack@1 to /home/alberto/.config/discord/0.0.88/modules/pending/discord_erlpack-1.zip: 28%
3/23/2025, 2:26:53 PM GMT+3 [Modules] Streaming discord_erlpack@1 to /home/alberto/.config/discord/0.0.88/modules/pending/discord_erlpack-1.zip: 30%
3/23/2025, 2:26:53 PM GMT+3 [Modules] Streaming discord_erlpack@1 to /home/alberto/.config/discord/0.0.88/modules/pending/discord_erlpack-1.zip: 33%
3/23/2025, 2:26:53 PM GMT+3 [Modules] Streaming discord_erlpack@1 to /home/alberto/.config/discord/0.0.88/modules/pending/discord_erlpack-1.zip: 34%
3/23/2025, 2:26:53 PM GMT+3 [Modules] Streaming discord_erlpack@1 to /home/alberto/.config/discord/0.0.88/modules/pending/discord_erlpack-1.zip: 36%
3/23/2025, 2:26:53 PM GMT+3 [Modules] Streaming discord_erlpack@1 to /home/alberto/.config/discord/0.0.88/modules/pending/discord_erlpack-1.zip: 39%
3/23/2025, 2:26:53 PM GMT+3 [Modules] Streaming discord_erlpack@1 to /home/alberto/.config/discord/0.0.88/modules/pending/discord_erlpack-1.zip: 42%
3/23/2025, 2:26:53 PM GMT+3 [Modules] Streaming discord_erlpack@1 to /home/alberto/.config/discord/0.0.88/modules/pending/discord_erlpack-1.zip: 43%
3/23/2025, 2:26:53 PM GMT+3 [Modules] Streaming discord_erlpack@1 to /home/alberto/.config/discord/0.0.88/modules/pending/discord_erlpack-1.zip: 45%
3/23/2025, 2:26:53 PM GMT+3 [Modules] Streaming discord_erlpack@1 to /home/alberto/.config/discord/0.0.88/modules/pending/discord_erlpack-1.zip: 47%
3/23/2025, 2:26:53 PM GMT+3 [Modules] Streaming discord_erlpack@1 to /home/alberto/.config/discord/0.0.88/modules/pending/discord_erlpack-1.zip: 49%
3/23/2025, 2:26:53 PM GMT+3 [Modules] Streaming discord_erlpack@1 to /home/alberto/.config/discord/0.0.88/modules/pending/discord_erlpack-1.zip: 51%
3/23/2025, 2:26:53 PM GMT+3 [Modules] Streaming discord_erlpack@1 to /home/alberto/.config/discord/0.0.88/modules/pending/discord_erlpack-1.zip: 53%
3/23/2025, 2:26:53 PM GMT+3 [Modules] Streaming discord_erlpack@1 to /home/alberto/.config/discord/0.0.88/modules/pending/discord_erlpack-1.zip: 55%
3/23/2025, 2:26:53 PM GMT+3 [Modules] Streaming discord_erlpack@1 to /home/alberto/.config/discord/0.0.88/modules/pending/discord_erlpack-1.zip: 57%
3/23/2025, 2:26:53 PM GMT+3 [Modules] Streaming discord_erlpack@1 to /home/alberto/.config/discord/0.0.88/modules/pending/discord_erlpack-1.zip: 62%
3/23/2025, 2:26:53 PM GMT+3 [Modules] Streaming discord_erlpack@1 to /home/alberto/.config/discord/0.0.88/modules/pending/discord_erlpack-1.zip: 63%
3/23/2025, 2:26:53 PM GMT+3 [Modules] Streaming discord_erlpack@1 to /home/alberto/.config/discord/0.0.88/modules/pending/discord_erlpack-1.zip: 66%
3/23/2025, 2:26:53 PM GMT+3 [Modules] Streaming discord_erlpack@1 to /home/alberto/.config/discord/0.0.88/modules/pending/discord_erlpack-1.zip: 68%
3/23/2025, 2:26:53 PM GMT+3 [Modules] Streaming discord_erlpack@1 to /home/alberto/.config/discord/0.0.88/modules/pending/discord_erlpack-1.zip: 70%
3/23/2025, 2:26:53 PM GMT+3 [Modules] Streaming discord_erlpack@1 to /home/alberto/.config/discord/0.0.88/modules/pending/discord_erlpack-1.zip: 72%
3/23/2025, 2:26:53 PM GMT+3 [Modules] Streaming discord_erlpack@1 to /home/alberto/.config/discord/0.0.88/modules/pending/discord_erlpack-1.zip: 73%
3/23/2025, 2:26:53 PM GMT+3 [Modules] Streaming discord_erlpack@1 to /home/alberto/.config/discord/0.0.88/modules/pending/discord_erlpack-1.zip: 74%
3/23/2025, 2:26:53 PM GMT+3 [Modules] Streaming discord_erlpack@1 to /home/alberto/.config/discord/0.0.88/modules/pending/discord_erlpack-1.zip: 76%
3/23/2025, 2:26:53 PM GMT+3 [Modules] Streaming discord_erlpack@1 to /home/alberto/.config/discord/0.0.88/modules/pending/discord_erlpack-1.zip: 79%
3/23/2025, 2:26:53 PM GMT+3 [Modules] Streaming discord_erlpack@1 to /home/alberto/.config/discord/0.0.88/modules/pending/discord_erlpack-1.zip: 80%
3/23/2025, 2:26:53 PM GMT+3 [Modules] Streaming discord_erlpack@1 to /home/alberto/.config/discord/0.0.88/modules/pending/discord_erlpack-1.zip: 82%
3/23/2025, 2:26:53 PM GMT+3 [Modules] Streaming discord_erlpack@1 to /home/alberto/.config/discord/0.0.88/modules/pending/discord_erlpack-1.zip: 85%
3/23/2025, 2:26:53 PM GMT+3 [Modules] Streaming discord_erlpack@1 to /home/alberto/.config/discord/0.0.88/modules/pending/discord_erlpack-1.zip: 87%
3/23/2025, 2:26:53 PM GMT+3 [Modules] Streaming discord_erlpack@1 to /home/alberto/.config/discord/0.0.88/modules/pending/discord_erlpack-1.zip: 88%
3/23/2025, 2:26:53 PM GMT+3 [Modules] Streaming discord_erlpack@1 to /home/alberto/.config/discord/0.0.88/modules/pending/discord_erlpack-1.zip: 91%
3/23/2025, 2:26:53 PM GMT+3 [Modules] Streaming discord_erlpack@1 to /home/alberto/.config/discord/0.0.88/modules/pending/discord_erlpack-1.zip: 93%
3/23/2025, 2:26:53 PM GMT+3 [Modules] Streaming discord_erlpack@1 to /home/alberto/.config/discord/0.0.88/modules/pending/discord_erlpack-1.zip: 94%
3/23/2025, 2:26:53 PM GMT+3 [Modules] Streaming discord_erlpack@1 to /home/alberto/.config/discord/0.0.88/modules/pending/discord_erlpack-1.zip: 96%
3/23/2025, 2:26:53 PM GMT+3 [Modules] Streaming discord_erlpack@1 to /home/alberto/.config/discord/0.0.88/modules/pending/discord_erlpack-1.zip: 97%
3/23/2025, 2:26:53 PM GMT+3 [Modules] Streaming discord_erlpack@1 to /home/alberto/.config/discord/0.0.88/modules/pending/discord_erlpack-1.zip: 100%
3/23/2025, 2:26:53 PM GMT+3 [Modules] Fetching discord_spellcheck@1 from https://discord.com/api/modules/stable/discord_spellcheck/1
3/23/2025, 2:26:53 PM GMT+3 [Modules] Streaming discord_spellcheck@1 to /home/alberto/.config/discord/0.0.88/modules/pending/discord_spellcheck-1.zip
3/23/2025, 2:26:54 PM GMT+3 [Modules] Streaming discord_spellcheck@1 to /home/alberto/.config/discord/0.0.88/modules/pending/discord_spellcheck-1.zip: 1%
3/23/2025, 2:26:54 PM GMT+3 [Modules] Streaming discord_spellcheck@1 to /home/alberto/.config/discord/0.0.88/modules/pending/discord_spellcheck-1.zip: 2%
3/23/2025, 2:26:54 PM GMT+3 [Modules] Streaming discord_spellcheck@1 to /home/alberto/.config/discord/0.0.88/modules/pending/discord_spellcheck-1.zip: 3%
3/23/2025, 2:26:54 PM GMT+3 [Modules] Streaming discord_spellcheck@1 to /home/alberto/.config/discord/0.0.88/modules/pending/discord_spellcheck-1.zip: 4%
3/23/2025, 2:26:54 PM GMT+3 [Modules] Streaming discord_spellcheck@1 to /home/alberto/.config/discord/0.0.88/modules/pending/discord_spellcheck-1.zip: 5%
3/23/2025, 2:26:54 PM GMT+3 [Modules] Streaming discord_spellcheck@1 to /home/alberto/.config/discord/0.0.88/modules/pending/discord_spellcheck-1.zip: 6%
3/23/2025, 2:26:54 PM GMT+3 [Modules] Streaming discord_spellcheck@1 to /home/alberto/.config/discord/0.0.88/modules/pending/discord_spellcheck-1.zip: 7%
3/23/2025, 2:26:54 PM GMT+3 [Modules] Streaming discord_spellcheck@1 to /home/alberto/.config/discord/0.0.88/modules/pending/discord_spellcheck-1.zip: 8%
3/23/2025, 2:26:54 PM GMT+3 [Modules] Streaming discord_spellcheck@1 to /home/alberto/.config/discord/0.0.88/modules/pending/discord_spellcheck-1.zip: 9%
3/23/2025, 2:26:54 PM GMT+3 [Modules] Streaming discord_spellcheck@1 to /home/alberto/.config/discord/0.0.88/modules/pending/discord_spellcheck-1.zip: 10%
3/23/2025, 2:26:54 PM GMT+3 [Modules] Streaming discord_spellcheck@1 to /home/alberto/.config/discord/0.0.88/modules/pending/discord_spellcheck-1.zip: 11%
3/23/2025, 2:26:54 PM GMT+3 [Modules] Streaming discord_spellcheck@1 to /home/alberto/.config/discord/0.0.88/modules/pending/discord_spellcheck-1.zip: 12%
3/23/2025, 2:26:54 PM GMT+3 [Modules] Streaming discord_spellcheck@1 to /home/alberto/.config/discord/0.0.88/modules/pending/discord_spellcheck-1.zip: 13%
3/23/2025, 2:26:54 PM GMT+3 [Modules] Streaming discord_spellcheck@1 to /home/alberto/.config/discord/0.0.88/modules/pending/discord_spellcheck-1.zip: 14%
3/23/2025, 2:26:54 PM GMT+3 [Modules] Streaming discord_spellcheck@1 to /home/alberto/.config/discord/0.0.88/modules/pending/discord_spellcheck-1.zip: 15%
3/23/2025, 2:26:54 PM GMT+3 [Modules] Streaming discord_spellcheck@1 to /home/alberto/.config/discord/0.0.88/modules/pending/discord_spellcheck-1.zip: 16%
3/23/2025, 2:26:54 PM GMT+3 [Modules] Streaming discord_spellcheck@1 to /home/alberto/.config/discord/0.0.88/modules/pending/discord_spellcheck-1.zip: 17%
3/23/2025, 2:26:54 PM GMT+3 [Modules] Streaming discord_spellcheck@1 to /home/alberto/.config/discord/0.0.88/modules/pending/discord_spellcheck-1.zip: 18%
3/23/2025, 2:26:54 PM GMT+3 [Modules] Streaming discord_spellcheck@1 to /home/alberto/.config/discord/0.0.88/modules/pending/discord_spellcheck-1.zip: 19%
3/23/2025, 2:26:54 PM GMT+3 [Modules] Streaming discord_spellcheck@1 to /home/alberto/.config/discord/0.0.88/modules/pending/discord_spellcheck-1.zip: 20%
3/23/2025, 2:26:54 PM GMT+3 [Modules] Streaming discord_spellcheck@1 to /home/alberto/.config/discord/0.0.88/modules/pending/discord_spellcheck-1.zip: 21%
3/23/2025, 2:26:54 PM GMT+3 [Modules] Streaming discord_spellcheck@1 to /home/alberto/.config/discord/0.0.88/modules/pending/discord_spellcheck-1.zip: 22%
3/23/2025, 2:26:54 PM GMT+3 [Modules] Streaming discord_spellcheck@1 to /home/alberto/.config/discord/0.0.88/modules/pending/discord_spellcheck-1.zip: 23%
3/23/2025, 2:26:54 PM GMT+3 [Modules] Streaming discord_spellcheck@1 to /home/alberto/.config/discord/0.0.88/modules/pending/discord_spellcheck-1.zip: 24%
3/23/2025, 2:26:54 PM GMT+3 [Modules] Streaming discord_spellcheck@1 to /home/alberto/.config/discord/0.0.88/modules/pending/discord_spellcheck-1.zip: 25%
3/23/2025, 2:26:54 PM GMT+3 [Modules] Streaming discord_spellcheck@1 to /home/alberto/.config/discord/0.0.88/modules/pending/discord_spellcheck-1.zip: 26%
3/23/2025, 2:26:54 PM GMT+3 [Modules] Streaming discord_spellcheck@1 to /home/alberto/.config/discord/0.0.88/modules/pending/discord_spellcheck-1.zip: 27%
3/23/2025, 2:26:54 PM GMT+3 [Modules] Streaming discord_spellcheck@1 to /home/alberto/.config/discord/0.0.88/modules/pending/discord_spellcheck-1.zip: 28%
3/23/2025, 2:26:54 PM GMT+3 [Modules] Streaming discord_spellcheck@1 to /home/alberto/.config/discord/0.0.88/modules/pending/discord_spellcheck-1.zip: 29%
3/23/2025, 2:26:54 PM GMT+3 [Modules] Streaming discord_spellcheck@1 to /home/alberto/.config/discord/0.0.88/modules/pending/discord_spellcheck-1.zip: 30%
3/23/2025, 2:26:54 PM GMT+3 [Modules] Streaming discord_spellcheck@1 to /home/alberto/.config/discord/0.0.88/modules/pending/discord_spellcheck-1.zip: 31%
3/23/2025, 2:26:54 PM GMT+3 [Modules] Streaming discord_spellcheck@1 to /home/alberto/.config/discord/0.0.88/modules/pending/discord_spellcheck-1.zip: 32%
3/23/2025, 2:26:54 PM GMT+3 [Modules] Streaming discord_spellcheck@1 to /home/alberto/.config/discord/0.0.88/modules/pending/discord_spellcheck-1.zip: 33%
3/23/2025, 2:26:54 PM GMT+3 [Modules] Streaming discord_spellcheck@1 to /home/alberto/.config/discord/0.0.88/modules/pending/discord_spellcheck-1.zip: 34%
3/23/2025, 2:26:54 PM GMT+3 [Modules] Streaming discord_spellcheck@1 to /home/alberto/.config/discord/0.0.88/modules/pending/discord_spellcheck-1.zip: 35%
3/23/2025, 2:26:54 PM GMT+3 [Modules] Streaming discord_spellcheck@1 to /home/alberto/.config/discord/0.0.88/modules/pending/discord_spellcheck-1.zip: 36%
3/23/2025, 2:26:54 PM GMT+3 [Modules] Streaming discord_spellcheck@1 to /home/alberto/.config/discord/0.0.88/modules/pending/discord_spellcheck-1.zip: 37%
3/23/2025, 2:26:54 PM GMT+3 [Modules] Streaming discord_spellcheck@1 to /home/alberto/.config/discord/0.0.88/modules/pending/discord_spellcheck-1.zip: 38%
3/23/2025, 2:26:54 PM GMT+3 [Modules] Streaming discord_spellcheck@1 to /home/alberto/.config/discord/0.0.88/modules/pending/discord_spellcheck-1.zip: 39%
3/23/2025, 2:26:54 PM GMT+3 [Modules] Streaming discord_spellcheck@1 to /home/alberto/.config/discord/0.0.88/modules/pending/discord_spellcheck-1.zip: 40%
3/23/2025, 2:26:54 PM GMT+3 [Modules] Streaming discord_spellcheck@1 to /home/alberto/.config/discord/0.0.88/modules/pending/discord_spellcheck-1.zip: 41%
3/23/2025, 2:26:54 PM GMT+3 [Modules] Streaming discord_spellcheck@1 to /home/alberto/.config/discord/0.0.88/modules/pending/discord_spellcheck-1.zip: 42%
3/23/2025, 2:26:54 PM GMT+3 [Modules] Streaming discord_spellcheck@1 to /home/alberto/.config/discord/0.0.88/modules/pending/discord_spellcheck-1.zip: 43%
3/23/2025, 2:26:54 PM GMT+3 [Modules] Streaming discord_spellcheck@1 to /home/alberto/.config/discord/0.0.88/modules/pending/discord_spellcheck-1.zip: 44%
3/23/2025, 2:26:54 PM GMT+3 [Modules] Streaming discord_spellcheck@1 to /home/alberto/.config/discord/0.0.88/modules/pending/discord_spellcheck-1.zip: 45%
3/23/2025, 2:26:54 PM GMT+3 [Modules] Streaming discord_spellcheck@1 to /home/alberto/.config/discord/0.0.88/modules/pending/discord_spellcheck-1.zip: 46%
3/23/2025, 2:26:54 PM GMT+3 [Modules] Streaming discord_spellcheck@1 to /home/alberto/.config/discord/0.0.88/modules/pending/discord_spellcheck-1.zip: 47%
3/23/2025, 2:26:54 PM GMT+3 [Modules] Streaming discord_spellcheck@1 to /home/alberto/.config/discord/0.0.88/modules/pending/discord_spellcheck-1.zip: 48%
3/23/2025, 2:26:54 PM GMT+3 [Modules] Streaming discord_spellcheck@1 to /home/alberto/.config/discord/0.0.88/modules/pending/discord_spellcheck-1.zip: 49%
3/23/2025, 2:26:54 PM GMT+3 [Modules] Streaming discord_spellcheck@1 to /home/alberto/.config/discord/0.0.88/modules/pending/discord_spellcheck-1.zip: 50%
3/23/2025, 2:26:54 PM GMT+3 [Modules] Streaming discord_spellcheck@1 to /home/alberto/.config/discord/0.0.88/modules/pending/discord_spellcheck-1.zip: 51%
3/23/2025, 2:26:54 PM GMT+3 [Modules] Streaming discord_spellcheck@1 to /home/alberto/.config/discord/0.0.88/modules/pending/discord_spellcheck-1.zip: 52%
3/23/2025, 2:26:54 PM GMT+3 [Modules] Streaming discord_spellcheck@1 to /home/alberto/.config/discord/0.0.88/modules/pending/discord_spellcheck-1.zip: 53%
3/23/2025, 2:26:54 PM GMT+3 [Modules] Streaming discord_spellcheck@1 to /home/alberto/.config/discord/0.0.88/modules/pending/discord_spellcheck-1.zip: 54%
3/23/2025, 2:26:54 PM GMT+3 [Modules] Streaming discord_spellcheck@1 to /home/alberto/.config/discord/0.0.88/modules/pending/discord_spellcheck-1.zip: 55%
3/23/2025, 2:26:54 PM GMT+3 [Modules] Streaming discord_spellcheck@1 to /home/alberto/.config/discord/0.0.88/modules/pending/discord_spellcheck-1.zip: 56%
3/23/2025, 2:26:54 PM GMT+3 [Modules] Streaming discord_spellcheck@1 to /home/alberto/.config/discord/0.0.88/modules/pending/discord_spellcheck-1.zip: 57%
3/23/2025, 2:26:54 PM GMT+3 [Modules] Streaming discord_spellcheck@1 to /home/alberto/.config/discord/0.0.88/modules/pending/discord_spellcheck-1.zip: 58%
3/23/2025, 2:26:54 PM GMT+3 [Modules] Streaming discord_spellcheck@1 to /home/alberto/.config/discord/0.0.88/modules/pending/discord_spellcheck-1.zip: 59%
3/23/2025, 2:26:54 PM GMT+3 [Modules] Streaming discord_spellcheck@1 to /home/alberto/.config/discord/0.0.88/modules/pending/discord_spellcheck-1.zip: 60%
3/23/2025, 2:26:54 PM GMT+3 [Modules] Streaming discord_spellcheck@1 to /home/alberto/.config/discord/0.0.88/modules/pending/discord_spellcheck-1.zip: 61%
3/23/2025, 2:26:54 PM GMT+3 [Modules] Streaming discord_spellcheck@1 to /home/alberto/.config/discord/0.0.88/modules/pending/discord_spellcheck-1.zip: 62%
3/23/2025, 2:26:54 PM GMT+3 [Modules] Streaming discord_spellcheck@1 to /home/alberto/.config/discord/0.0.88/modules/pending/discord_spellcheck-1.zip: 63%
3/23/2025, 2:26:54 PM GMT+3 [Modules] Streaming discord_spellcheck@1 to /home/alberto/.config/discord/0.0.88/modules/pending/discord_spellcheck-1.zip: 64%
3/23/2025, 2:26:55 PM GMT+3 [Modules] Streaming discord_spellcheck@1 to /home/alberto/.config/discord/0.0.88/modules/pending/discord_spellcheck-1.zip: 65%
3/23/2025, 2:26:55 PM GMT+3 [Modules] Streaming discord_spellcheck@1 to /home/alberto/.config/discord/0.0.88/modules/pending/discord_spellcheck-1.zip: 66%
3/23/2025, 2:26:55 PM GMT+3 [Modules] Streaming discord_spellcheck@1 to /home/alberto/.config/discord/0.0.88/modules/pending/discord_spellcheck-1.zip: 67%
3/23/2025, 2:26:55 PM GMT+3 [Modules] Streaming discord_spellcheck@1 to /home/alberto/.config/discord/0.0.88/modules/pending/discord_spellcheck-1.zip: 68%
3/23/2025, 2:26:55 PM GMT+3 [Modules] Streaming discord_spellcheck@1 to /home/alberto/.config/discord/0.0.88/modules/pending/discord_spellcheck-1.zip: 69%
3/23/2025, 2:26:55 PM GMT+3 [Modules] Streaming discord_spellcheck@1 to /home/alberto/.config/discord/0.0.88/modules/pending/discord_spellcheck-1.zip: 70%
3/23/2025, 2:26:55 PM GMT+3 [Modules] Streaming discord_spellcheck@1 to /home/alberto/.config/discord/0.0.88/modules/pending/discord_spellcheck-1.zip: 71%
3/23/2025, 2:26:55 PM GMT+3 [Modules] Streaming discord_spellcheck@1 to /home/alberto/.config/discord/0.0.88/modules/pending/discord_spellcheck-1.zip: 72%
3/23/2025, 2:26:55 PM GMT+3 [Modules] Streaming discord_spellcheck@1 to /home/alberto/.config/discord/0.0.88/modules/pending/discord_spellcheck-1.zip: 73%
3/23/2025, 2:26:55 PM GMT+3 [Modules] Streaming discord_spellcheck@1 to /home/alberto/.config/discord/0.0.88/modules/pending/discord_spellcheck-1.zip: 74%
3/23/2025, 2:26:55 PM GMT+3 [Modules] Streaming discord_spellcheck@1 to /home/alberto/.config/discord/0.0.88/modules/pending/discord_spellcheck-1.zip: 75%
3/23/2025, 2:26:55 PM GMT+3 [Modules] Streaming discord_spellcheck@1 to /home/alberto/.config/discord/0.0.88/modules/pending/discord_spellcheck-1.zip: 76%
3/23/2025, 2:26:55 PM GMT+3 [Modules] Streaming discord_spellcheck@1 to /home/alberto/.config/discord/0.0.88/modules/pending/discord_spellcheck-1.zip: 77%
3/23/2025, 2:26:55 PM GMT+3 [Modules] Streaming discord_spellcheck@1 to /home/alberto/.config/discord/0.0.88/modules/pending/discord_spellcheck-1.zip: 78%
3/23/2025, 2:26:55 PM GMT+3 [Modules] Streaming discord_spellcheck@1 to /home/alberto/.config/discord/0.0.88/modules/pending/discord_spellcheck-1.zip: 79%
3/23/2025, 2:26:55 PM GMT+3 [Modules] Streaming discord_spellcheck@1 to /home/alberto/.config/discord/0.0.88/modules/pending/discord_spellcheck-1.zip: 80%
3/23/2025, 2:26:55 PM GMT+3 [Modules] Streaming discord_spellcheck@1 to /home/alberto/.config/discord/0.0.88/modules/pending/discord_spellcheck-1.zip: 81%
3/23/2025, 2:26:55 PM GMT+3 [Modules] Streaming discord_spellcheck@1 to /home/alberto/.config/discord/0.0.88/modules/pending/discord_spellcheck-1.zip: 82%
3/23/2025, 2:26:55 PM GMT+3 [Modules] Streaming discord_spellcheck@1 to /home/alberto/.config/discord/0.0.88/modules/pending/discord_spellcheck-1.zip: 83%
3/23/2025, 2:26:55 PM GMT+3 [Modules] Streaming discord_spellcheck@1 to /home/alberto/.config/discord/0.0.88/modules/pending/discord_spellcheck-1.zip: 84%
3/23/2025, 2:26:55 PM GMT+3 [Modules] Streaming discord_spellcheck@1 to /home/alberto/.config/discord/0.0.88/modules/pending/discord_spellcheck-1.zip: 85%
3/23/2025, 2:26:55 PM GMT+3 [Modules] Streaming discord_spellcheck@1 to /home/alberto/.config/discord/0.0.88/modules/pending/discord_spellcheck-1.zip: 86%
3/23/2025, 2:26:55 PM GMT+3 [Modules] Streaming discord_spellcheck@1 to /home/alberto/.config/discord/0.0.88/modules/pending/discord_spellcheck-1.zip: 87%
3/23/2025, 2:26:55 PM GMT+3 [Modules] Streaming discord_spellcheck@1 to /home/alberto/.config/discord/0.0.88/modules/pending/discord_spellcheck-1.zip: 88%
3/23/2025, 2:26:55 PM GMT+3 [Modules] Streaming discord_spellcheck@1 to /home/alberto/.config/discord/0.0.88/modules/pending/discord_spellcheck-1.zip: 89%
3/23/2025, 2:26:55 PM GMT+3 [Modules] Streaming discord_spellcheck@1 to /home/alberto/.config/discord/0.0.88/modules/pending/discord_spellcheck-1.zip: 90%
3/23/2025, 2:26:55 PM GMT+3 [Modules] Streaming discord_spellcheck@1 to /home/alberto/.config/discord/0.0.88/modules/pending/discord_spellcheck-1.zip: 91%
3/23/2025, 2:26:55 PM GMT+3 [Modules] Streaming discord_spellcheck@1 to /home/alberto/.config/discord/0.0.88/modules/pending/discord_spellcheck-1.zip: 92%
3/23/2025, 2:26:55 PM GMT+3 [Modules] Streaming discord_spellcheck@1 to /home/alberto/.config/discord/0.0.88/modules/pending/discord_spellcheck-1.zip: 93%
3/23/2025, 2:26:55 PM GMT+3 [Modules] Streaming discord_spellcheck@1 to /home/alberto/.config/discord/0.0.88/modules/pending/discord_spellcheck-1.zip: 94%
3/23/2025, 2:26:55 PM GMT+3 [Modules] Streaming discord_spellcheck@1 to /home/alberto/.config/discord/0.0.88/modules/pending/discord_spellcheck-1.zip: 95%
3/23/2025, 2:26:55 PM GMT+3 [Modules] Streaming discord_spellcheck@1 to /home/alberto/.config/discord/0.0.88/modules/pending/discord_spellcheck-1.zip: 96%
3/23/2025, 2:26:55 PM GMT+3 [Modules] Streaming discord_spellcheck@1 to /home/alberto/.config/discord/0.0.88/modules/pending/discord_spellcheck-1.zip: 97%
3/23/2025, 2:26:55 PM GMT+3 [Modules] Streaming discord_spellcheck@1 to /home/alberto/.config/discord/0.0.88/modules/pending/discord_spellcheck-1.zip: 98%
3/23/2025, 2:26:55 PM GMT+3 [Modules] Streaming discord_spellcheck@1 to /home/alberto/.config/discord/0.0.88/modules/pending/discord_spellcheck-1.zip: 99%
3/23/2025, 2:26:55 PM GMT+3 [Modules] Streaming discord_spellcheck@1 to /home/alberto/.config/discord/0.0.88/modules/pending/discord_spellcheck-1.zip: 100%
3/23/2025, 2:26:55 PM GMT+3 [Modules] Fetching discord_utils@1 from https://discord.com/api/modules/stable/discord_utils/1
3/23/2025, 2:26:55 PM GMT+3 [Modules] Streaming discord_utils@1 to /home/alberto/.config/discord/0.0.88/modules/pending/discord_utils-1.zip
3/23/2025, 2:26:55 PM GMT+3 [Modules] Streaming discord_utils@1 to /home/alberto/.config/discord/0.0.88/modules/pending/discord_utils-1.zip: 1%
3/23/2025, 2:26:55 PM GMT+3 [Modules] Streaming discord_utils@1 to /home/alberto/.config/discord/0.0.88/modules/pending/discord_utils-1.zip: 2%
3/23/2025, 2:26:55 PM GMT+3 [Modules] Streaming discord_utils@1 to /home/alberto/.config/discord/0.0.88/modules/pending/discord_utils-1.zip: 3%
3/23/2025, 2:26:55 PM GMT+3 [Modules] Streaming discord_utils@1 to /home/alberto/.config/discord/0.0.88/modules/pending/discord_utils-1.zip: 4%
3/23/2025, 2:26:55 PM GMT+3 [Modules] Streaming discord_utils@1 to /home/alberto/.config/discord/0.0.88/modules/pending/discord_utils-1.zip: 5%
3/23/2025, 2:26:55 PM GMT+3 [Modules] Streaming discord_utils@1 to /home/alberto/.config/discord/0.0.88/modules/pending/discord_utils-1.zip: 6%
3/23/2025, 2:26:55 PM GMT+3 [Modules] Streaming discord_utils@1 to /home/alberto/.config/discord/0.0.88/modules/pending/discord_utils-1.zip: 7%
3/23/2025, 2:26:55 PM GMT+3 [Modules] Streaming discord_utils@1 to /home/alberto/.config/discord/0.0.88/modules/pending/discord_utils-1.zip: 8%
3/23/2025, 2:26:55 PM GMT+3 [Modules] Streaming discord_utils@1 to /home/alberto/.config/discord/0.0.88/modules/pending/discord_utils-1.zip: 9%
3/23/2025, 2:26:55 PM GMT+3 [Modules] Streaming discord_utils@1 to /home/alberto/.config/discord/0.0.88/modules/pending/discord_utils-1.zip: 10%
3/23/2025, 2:26:55 PM GMT+3 [Modules] Streaming discord_utils@1 to /home/alberto/.config/discord/0.0.88/modules/pending/discord_utils-1.zip: 11%
3/23/2025, 2:26:55 PM GMT+3 [Modules] Streaming discord_utils@1 to /home/alberto/.config/discord/0.0.88/modules/pending/discord_utils-1.zip: 12%
3/23/2025, 2:26:55 PM GMT+3 [Modules] Streaming discord_utils@1 to /home/alberto/.config/discord/0.0.88/modules/pending/discord_utils-1.zip: 13%
3/23/2025, 2:26:55 PM GMT+3 [Modules] Streaming discord_utils@1 to /home/alberto/.config/discord/0.0.88/modules/pending/discord_utils-1.zip: 14%
3/23/2025, 2:26:55 PM GMT+3 [Modules] Streaming discord_utils@1 to /home/alberto/.config/discord/0.0.88/modules/pending/discord_utils-1.zip: 15%
3/23/2025, 2:26:55 PM GMT+3 [Modules] Streaming discord_utils@1 to /home/alberto/.config/discord/0.0.88/modules/pending/discord_utils-1.zip: 16%
3/23/2025, 2:26:55 PM GMT+3 [Modules] Streaming discord_utils@1 to /home/alberto/.config/discord/0.0.88/modules/pending/discord_utils-1.zip: 17%
3/23/2025, 2:26:55 PM GMT+3 [Modules] Streaming discord_utils@1 to /home/alberto/.config/discord/0.0.88/modules/pending/discord_utils-1.zip: 18%
3/23/2025, 2:26:55 PM GMT+3 [Modules] Streaming discord_utils@1 to /home/alberto/.config/discord/0.0.88/modules/pending/discord_utils-1.zip: 19%
3/23/2025, 2:26:55 PM GMT+3 [Modules] Streaming discord_utils@1 to /home/alberto/.config/discord/0.0.88/modules/pending/discord_utils-1.zip: 20%
3/23/2025, 2:26:55 PM GMT+3 [Modules] Streaming discord_utils@1 to /home/alberto/.config/discord/0.0.88/modules/pending/discord_utils-1.zip: 21%
3/23/2025, 2:26:55 PM GMT+3 [Modules] Streaming discord_utils@1 to /home/alberto/.config/discord/0.0.88/modules/pending/discord_utils-1.zip: 22%
3/23/2025, 2:26:55 PM GMT+3 [Modules] Streaming discord_utils@1 to /home/alberto/.config/discord/0.0.88/modules/pending/discord_utils-1.zip: 23%
3/23/2025, 2:26:55 PM GMT+3 [Modules] Streaming discord_utils@1 to /home/alberto/.config/discord/0.0.88/modules/pending/discord_utils-1.zip: 24%
3/23/2025, 2:26:55 PM GMT+3 [Modules] Streaming discord_utils@1 to /home/alberto/.config/discord/0.0.88/modules/pending/discord_utils-1.zip: 25%
3/23/2025, 2:26:56 PM GMT+3 [Modules] Streaming discord_utils@1 to /home/alberto/.config/discord/0.0.88/modules/pending/discord_utils-1.zip: 26%
3/23/2025, 2:26:56 PM GMT+3 [Modules] Streaming discord_utils@1 to /home/alberto/.config/discord/0.0.88/modules/pending/discord_utils-1.zip: 27%
3/23/2025, 2:26:56 PM GMT+3 [Modules] Streaming discord_utils@1 to /home/alberto/.config/discord/0.0.88/modules/pending/discord_utils-1.zip: 28%
3/23/2025, 2:26:56 PM GMT+3 [Modules] Streaming discord_utils@1 to /home/alberto/.config/discord/0.0.88/modules/pending/discord_utils-1.zip: 29%
3/23/2025, 2:26:56 PM GMT+3 [Modules] Streaming discord_utils@1 to /home/alberto/.config/discord/0.0.88/modules/pending/discord_utils-1.zip: 30%
3/23/2025, 2:26:56 PM GMT+3 [Modules] Streaming discord_utils@1 to /home/alberto/.config/discord/0.0.88/modules/pending/discord_utils-1.zip: 31%
3/23/2025, 2:26:56 PM GMT+3 [Modules] Streaming discord_utils@1 to /home/alberto/.config/discord/0.0.88/modules/pending/discord_utils-1.zip: 34%
3/23/2025, 2:26:56 PM GMT+3 [Modules] Streaming discord_utils@1 to /home/alberto/.config/discord/0.0.88/modules/pending/discord_utils-1.zip: 35%
3/23/2025, 2:26:56 PM GMT+3 [Modules] Streaming discord_utils@1 to /home/alberto/.config/discord/0.0.88/modules/pending/discord_utils-1.zip: 36%
3/23/2025, 2:26:56 PM GMT+3 [Modules] Streaming discord_utils@1 to /home/alberto/.config/discord/0.0.88/modules/pending/discord_utils-1.zip: 37%
3/23/2025, 2:26:56 PM GMT+3 [Modules] Streaming discord_utils@1 to /home/alberto/.config/discord/0.0.88/modules/pending/discord_utils-1.zip: 38%
3/23/2025, 2:26:56 PM GMT+3 [Modules] Streaming discord_utils@1 to /home/alberto/.config/discord/0.0.88/modules/pending/discord_utils-1.zip: 39%
3/23/2025, 2:26:56 PM GMT+3 [Modules] Streaming discord_utils@1 to /home/alberto/.config/discord/0.0.88/modules/pending/discord_utils-1.zip: 40%
3/23/2025, 2:26:56 PM GMT+3 [Modules] Streaming discord_utils@1 to /home/alberto/.config/discord/0.0.88/modules/pending/discord_utils-1.zip: 41%
3/23/2025, 2:26:56 PM GMT+3 [Modules] Streaming discord_utils@1 to /home/alberto/.config/discord/0.0.88/modules/pending/discord_utils-1.zip: 42%
3/23/2025, 2:26:56 PM GMT+3 [Modules] Streaming discord_utils@1 to /home/alberto/.config/discord/0.0.88/modules/pending/discord_utils-1.zip: 43%
3/23/2025, 2:26:56 PM GMT+3 [Modules] Streaming discord_utils@1 to /home/alberto/.config/discord/0.0.88/modules/pending/discord_utils-1.zip: 44%
3/23/2025, 2:26:56 PM GMT+3 [Modules] Streaming discord_utils@1 to /home/alberto/.config/discord/0.0.88/modules/pending/discord_utils-1.zip: 45%
3/23/2025, 2:26:56 PM GMT+3 [Modules] Streaming discord_utils@1 to /home/alberto/.config/discord/0.0.88/modules/pending/discord_utils-1.zip: 46%
3/23/2025, 2:26:56 PM GMT+3 [Modules] Streaming discord_utils@1 to /home/alberto/.config/discord/0.0.88/modules/pending/discord_utils-1.zip: 47%
3/23/2025, 2:26:56 PM GMT+3 [Modules] Streaming discord_utils@1 to /home/alberto/.config/discord/0.0.88/modules/pending/discord_utils-1.zip: 48%
3/23/2025, 2:26:56 PM GMT+3 [Modules] Streaming discord_utils@1 to /home/alberto/.config/discord/0.0.88/modules/pending/discord_utils-1.zip: 49%
3/23/2025, 2:26:56 PM GMT+3 [Modules] Streaming discord_utils@1 to /home/alberto/.config/discord/0.0.88/modules/pending/discord_utils-1.zip: 50%
3/23/2025, 2:26:56 PM GMT+3 [Modules] Streaming discord_utils@1 to /home/alberto/.config/discord/0.0.88/modules/pending/discord_utils-1.zip: 51%
3/23/2025, 2:26:56 PM GMT+3 [Modules] Streaming discord_utils@1 to /home/alberto/.config/discord/0.0.88/modules/pending/discord_utils-1.zip: 52%
3/23/2025, 2:26:56 PM GMT+3 [Modules] Streaming discord_utils@1 to /home/alberto/.config/discord/0.0.88/modules/pending/discord_utils-1.zip: 53%
3/23/2025, 2:26:56 PM GMT+3 [Modules] Streaming discord_utils@1 to /home/alberto/.config/discord/0.0.88/modules/pending/discord_utils-1.zip: 54%
3/23/2025, 2:26:56 PM GMT+3 [Modules] Streaming discord_utils@1 to /home/alberto/.config/discord/0.0.88/modules/pending/discord_utils-1.zip: 55%
3/23/2025, 2:26:56 PM GMT+3 [Modules] Streaming discord_utils@1 to /home/alberto/.config/discord/0.0.88/modules/pending/discord_utils-1.zip: 56%
3/23/2025, 2:26:56 PM GMT+3 [Modules] Streaming discord_utils@1 to /home/alberto/.config/discord/0.0.88/modules/pending/discord_utils-1.zip: 57%
3/23/2025, 2:26:56 PM GMT+3 [Modules] Streaming discord_utils@1 to /home/alberto/.config/discord/0.0.88/modules/pending/discord_utils-1.zip: 58%
3/23/2025, 2:26:56 PM GMT+3 [Modules] Streaming discord_utils@1 to /home/alberto/.config/discord/0.0.88/modules/pending/discord_utils-1.zip: 59%
3/23/2025, 2:26:56 PM GMT+3 [Modules] Streaming discord_utils@1 to /home/alberto/.config/discord/0.0.88/modules/pending/discord_utils-1.zip: 60%
3/23/2025, 2:26:56 PM GMT+3 [Modules] Streaming discord_utils@1 to /home/alberto/.config/discord/0.0.88/modules/pending/discord_utils-1.zip: 62%
3/23/2025, 2:26:56 PM GMT+3 [Modules] Streaming discord_utils@1 to /home/alberto/.config/discord/0.0.88/modules/pending/discord_utils-1.zip: 63%
3/23/2025, 2:26:56 PM GMT+3 [Modules] Streaming discord_utils@1 to /home/alberto/.config/discord/0.0.88/modules/pending/discord_utils-1.zip: 64%
3/23/2025, 2:26:56 PM GMT+3 [Modules] Streaming discord_utils@1 to /home/alberto/.config/discord/0.0.88/modules/pending/discord_utils-1.zip: 65%
3/23/2025, 2:26:56 PM GMT+3 [Modules] Streaming discord_utils@1 to /home/alberto/.config/discord/0.0.88/modules/pending/discord_utils-1.zip: 66%
3/23/2025, 2:26:56 PM GMT+3 [Modules] Streaming discord_utils@1 to /home/alberto/.config/discord/0.0.88/modules/pending/discord_utils-1.zip: 67%
3/23/2025, 2:26:56 PM GMT+3 [Modules] Streaming discord_utils@1 to /home/alberto/.config/discord/0.0.88/modules/pending/discord_utils-1.zip: 68%
3/23/2025, 2:26:56 PM GMT+3 [Modules] Streaming discord_utils@1 to /home/alberto/.config/discord/0.0.88/modules/pending/discord_utils-1.zip: 69%
3/23/2025, 2:26:56 PM GMT+3 [Modules] Streaming discord_utils@1 to /home/alberto/.config/discord/0.0.88/modules/pending/discord_utils-1.zip: 70%
3/23/2025, 2:26:56 PM GMT+3 [Modules] Streaming discord_utils@1 to /home/alberto/.config/discord/0.0.88/modules/pending/discord_utils-1.zip: 71%
3/23/2025, 2:26:56 PM GMT+3 [Modules] Streaming discord_utils@1 to /home/alberto/.config/discord/0.0.88/modules/pending/discord_utils-1.zip: 72%
3/23/2025, 2:26:56 PM GMT+3 [Modules] Streaming discord_utils@1 to /home/alberto/.config/discord/0.0.88/modules/pending/discord_utils-1.zip: 73%
3/23/2025, 2:26:56 PM GMT+3 [Modules] Streaming discord_utils@1 to /home/alberto/.config/discord/0.0.88/modules/pending/discord_utils-1.zip: 75%
3/23/2025, 2:26:56 PM GMT+3 [Modules] Streaming discord_utils@1 to /home/alberto/.config/discord/0.0.88/modules/pending/discord_utils-1.zip: 76%
3/23/2025, 2:26:56 PM GMT+3 [Modules] Streaming discord_utils@1 to /home/alberto/.config/discord/0.0.88/modules/pending/discord_utils-1.zip: 77%
3/23/2025, 2:26:56 PM GMT+3 [Modules] Streaming discord_utils@1 to /home/alberto/.config/discord/0.0.88/modules/pending/discord_utils-1.zip: 78%
3/23/2025, 2:26:56 PM GMT+3 [Modules] Streaming discord_utils@1 to /home/alberto/.config/discord/0.0.88/modules/pending/discord_utils-1.zip: 79%
3/23/2025, 2:26:56 PM GMT+3 [Modules] Streaming discord_utils@1 to /home/alberto/.config/discord/0.0.88/modules/pending/discord_utils-1.zip: 80%
3/23/2025, 2:26:56 PM GMT+3 [Modules] Streaming discord_utils@1 to /home/alberto/.config/discord/0.0.88/modules/pending/discord_utils-1.zip: 81%
3/23/2025, 2:26:56 PM GMT+3 [Modules] Streaming discord_utils@1 to /home/alberto/.config/discord/0.0.88/modules/pending/discord_utils-1.zip: 82%
3/23/2025, 2:26:56 PM GMT+3 [Modules] Streaming discord_utils@1 to /home/alberto/.config/discord/0.0.88/modules/pending/discord_utils-1.zip: 83%
3/23/2025, 2:26:56 PM GMT+3 [Modules] Streaming discord_utils@1 to /home/alberto/.config/discord/0.0.88/modules/pending/discord_utils-1.zip: 84%
3/23/2025, 2:26:56 PM GMT+3 [Modules] Streaming discord_utils@1 to /home/alberto/.config/discord/0.0.88/modules/pending/discord_utils-1.zip: 85%
3/23/2025, 2:26:56 PM GMT+3 [Modules] Streaming discord_utils@1 to /home/alberto/.config/discord/0.0.88/modules/pending/discord_utils-1.zip: 86%
3/23/2025, 2:26:56 PM GMT+3 [Modules] Streaming discord_utils@1 to /home/alberto/.config/discord/0.0.88/modules/pending/discord_utils-1.zip: 87%
3/23/2025, 2:26:56 PM GMT+3 [Modules] Streaming discord_utils@1 to /home/alberto/.config/discord/0.0.88/modules/pending/discord_utils-1.zip: 88%
3/23/2025, 2:26:56 PM GMT+3 [Modules] Streaming discord_utils@1 to /home/alberto/.config/discord/0.0.88/modules/pending/discord_utils-1.zip: 89%
3/23/2025, 2:26:56 PM GMT+3 [Modules] Streaming discord_utils@1 to /home/alberto/.config/discord/0.0.88/modules/pending/discord_utils-1.zip: 90%
3/23/2025, 2:26:56 PM GMT+3 [Modules] Streaming discord_utils@1 to /home/alberto/.config/discord/0.0.88/modules/pending/discord_utils-1.zip: 91%
3/23/2025, 2:26:56 PM GMT+3 [Modules] Streaming discord_utils@1 to /home/alberto/.config/discord/0.0.88/modules/pending/discord_utils-1.zip: 92%
3/23/2025, 2:26:56 PM GMT+3 [Modules] Streaming discord_utils@1 to /home/alberto/.config/discord/0.0.88/modules/pending/discord_utils-1.zip: 93%
3/23/2025, 2:26:56 PM GMT+3 [Modules] Streaming discord_utils@1 to /home/alberto/.config/discord/0.0.88/modules/pending/discord_utils-1.zip: 94%
3/23/2025, 2:26:56 PM GMT+3 [Modules] Streaming discord_utils@1 to /home/alberto/.config/discord/0.0.88/modules/pending/discord_utils-1.zip: 95%
3/23/2025, 2:26:56 PM GMT+3 [Modules] Streaming discord_utils@1 to /home/alberto/.config/discord/0.0.88/modules/pending/discord_utils-1.zip: 96%
3/23/2025, 2:26:56 PM GMT+3 [Modules] Streaming discord_utils@1 to /home/alberto/.config/discord/0.0.88/modules/pending/discord_utils-1.zip: 97%
3/23/2025, 2:26:56 PM GMT+3 [Modules] Streaming discord_utils@1 to /home/alberto/.config/discord/0.0.88/modules/pending/discord_utils-1.zip: 98%
3/23/2025, 2:26:56 PM GMT+3 [Modules] Streaming discord_utils@1 to /home/alberto/.config/discord/0.0.88/modules/pending/discord_utils-1.zip: 99%
3/23/2025, 2:26:56 PM GMT+3 [Modules] Streaming discord_utils@1 to /home/alberto/.config/discord/0.0.88/modules/pending/discord_utils-1.zip: 100%
3/23/2025, 2:26:56 PM GMT+3 [Modules] Fetching discord_voice@1 from https://discord.com/api/modules/stable/discord_voice/1
3/23/2025, 2:26:56 PM GMT+3 [Modules] Streaming discord_voice@1 to /home/alberto/.config/discord/0.0.88/modules/pending/discord_voice-1.zip
3/23/2025, 2:26:56 PM GMT+3 [Modules] Streaming discord_voice@1 to /home/alberto/.config/discord/0.0.88/modules/pending/discord_voice-1.zip: 1%
3/23/2025, 2:26:56 PM GMT+3 [Modules] Streaming discord_voice@1 to /home/alberto/.config/discord/0.0.88/modules/pending/discord_voice-1.zip: 2%
3/23/2025, 2:26:56 PM GMT+3 [Modules] Streaming discord_voice@1 to /home/alberto/.config/discord/0.0.88/modules/pending/discord_voice-1.zip: 3%
3/23/2025, 2:26:56 PM GMT+3 [Modules] Streaming discord_voice@1 to /home/alberto/.config/discord/0.0.88/modules/pending/discord_voice-1.zip: 4%
3/23/2025, 2:26:56 PM GMT+3 [Modules] Streaming discord_voice@1 to /home/alberto/.config/discord/0.0.88/modules/pending/discord_voice-1.zip: 5%
3/23/2025, 2:26:56 PM GMT+3 [Modules] Streaming discord_voice@1 to /home/alberto/.config/discord/0.0.88/modules/pending/discord_voice-1.zip: 6%
3/23/2025, 2:26:56 PM GMT+3 [Modules] Streaming discord_voice@1 to /home/alberto/.config/discord/0.0.88/modules/pending/discord_voice-1.zip: 7%
3/23/2025, 2:26:56 PM GMT+3 [Modules] Streaming discord_voice@1 to /home/alberto/.config/discord/0.0.88/modules/pending/discord_voice-1.zip: 8%
3/23/2025, 2:26:56 PM GMT+3 [Modules] Streaming discord_voice@1 to /home/alberto/.config/discord/0.0.88/modules/pending/discord_voice-1.zip: 9%
3/23/2025, 2:26:57 PM GMT+3 [Modules] Streaming discord_voice@1 to /home/alberto/.config/discord/0.0.88/modules/pending/discord_voice-1.zip: 10%
3/23/2025, 2:26:57 PM GMT+3 [Modules] Streaming discord_voice@1 to /home/alberto/.config/discord/0.0.88/modules/pending/discord_voice-1.zip: 11%
3/23/2025, 2:26:57 PM GMT+3 [Modules] Streaming discord_voice@1 to /home/alberto/.config/discord/0.0.88/modules/pending/discord_voice-1.zip: 12%
3/23/2025, 2:26:57 PM GMT+3 [Modules] Streaming discord_voice@1 to /home/alberto/.config/discord/0.0.88/modules/pending/discord_voice-1.zip: 13%
3/23/2025, 2:26:57 PM GMT+3 [Modules] Streaming discord_voice@1 to /home/alberto/.config/discord/0.0.88/modules/pending/discord_voice-1.zip: 14%
3/23/2025, 2:26:57 PM GMT+3 [Modules] Streaming discord_voice@1 to /home/alberto/.config/discord/0.0.88/modules/pending/discord_voice-1.zip: 15%
3/23/2025, 2:26:57 PM GMT+3 [Modules] Streaming discord_voice@1 to /home/alberto/.config/discord/0.0.88/modules/pending/discord_voice-1.zip: 16%
3/23/2025, 2:26:57 PM GMT+3 [Modules] Streaming discord_voice@1 to /home/alberto/.config/discord/0.0.88/modules/pending/discord_voice-1.zip: 17%
3/23/2025, 2:26:57 PM GMT+3 [Modules] Streaming discord_voice@1 to /home/alberto/.config/discord/0.0.88/modules/pending/discord_voice-1.zip: 18%
3/23/2025, 2:26:57 PM GMT+3 [Modules] Streaming discord_voice@1 to /home/alberto/.config/discord/0.0.88/modules/pending/discord_voice-1.zip: 19%
3/23/2025, 2:26:57 PM GMT+3 [Modules] Streaming discord_voice@1 to /home/alberto/.config/discord/0.0.88/modules/pending/discord_voice-1.zip: 20%
3/23/2025, 2:26:57 PM GMT+3 [Modules] Streaming discord_voice@1 to /home/alberto/.config/discord/0.0.88/modules/pending/discord_voice-1.zip: 21%
3/23/2025, 2:26:57 PM GMT+3 [Modules] Streaming discord_voice@1 to /home/alberto/.config/discord/0.0.88/modules/pending/discord_voice-1.zip: 22%
3/23/2025, 2:26:57 PM GMT+3 [Modules] Streaming discord_voice@1 to /home/alberto/.config/discord/0.0.88/modules/pending/discord_voice-1.zip: 23%
3/23/2025, 2:26:57 PM GMT+3 [Modules] Streaming discord_voice@1 to /home/alberto/.config/discord/0.0.88/modules/pending/discord_voice-1.zip: 24%
3/23/2025, 2:26:57 PM GMT+3 [Modules] Streaming discord_voice@1 to /home/alberto/.config/discord/0.0.88/modules/pending/discord_voice-1.zip: 25%
3/23/2025, 2:26:57 PM GMT+3 [Modules] Streaming discord_voice@1 to /home/alberto/.config/discord/0.0.88/modules/pending/discord_voice-1.zip: 26%
3/23/2025, 2:26:57 PM GMT+3 [Modules] Streaming discord_voice@1 to /home/alberto/.config/discord/0.0.88/modules/pending/discord_voice-1.zip: 27%
3/23/2025, 2:26:57 PM GMT+3 [Modules] Streaming discord_voice@1 to /home/alberto/.config/discord/0.0.88/modules/pending/discord_voice-1.zip: 28%
3/23/2025, 2:26:57 PM GMT+3 [Modules] Streaming discord_voice@1 to /home/alberto/.config/discord/0.0.88/modules/pending/discord_voice-1.zip: 29%
3/23/2025, 2:26:57 PM GMT+3 [Modules] Streaming discord_voice@1 to /home/alberto/.config/discord/0.0.88/modules/pending/discord_voice-1.zip: 30%
3/23/2025, 2:26:57 PM GMT+3 [Modules] Streaming discord_voice@1 to /home/alberto/.config/discord/0.0.88/modules/pending/discord_voice-1.zip: 31%
3/23/2025, 2:26:57 PM GMT+3 [Modules] Streaming discord_voice@1 to /home/alberto/.config/discord/0.0.88/modules/pending/discord_voice-1.zip: 32%
3/23/2025, 2:26:57 PM GMT+3 [Modules] Streaming discord_voice@1 to /home/alberto/.config/discord/0.0.88/modules/pending/discord_voice-1.zip: 33%
3/23/2025, 2:26:57 PM GMT+3 [Modules] Streaming discord_voice@1 to /home/alberto/.config/discord/0.0.88/modules/pending/discord_voice-1.zip: 34%
3/23/2025, 2:26:57 PM GMT+3 [Modules] Streaming discord_voice@1 to /home/alberto/.config/discord/0.0.88/modules/pending/discord_voice-1.zip: 35%
3/23/2025, 2:26:57 PM GMT+3 [Modules] Streaming discord_voice@1 to /home/alberto/.config/discord/0.0.88/modules/pending/discord_voice-1.zip: 36%
3/23/2025, 2:26:57 PM GMT+3 [Modules] Streaming discord_voice@1 to /home/alberto/.config/discord/0.0.88/modules/pending/discord_voice-1.zip: 37%
3/23/2025, 2:26:57 PM GMT+3 [Modules] Streaming discord_voice@1 to /home/alberto/.config/discord/0.0.88/modules/pending/discord_voice-1.zip: 38%
3/23/2025, 2:26:57 PM GMT+3 [Modules] Streaming discord_voice@1 to /home/alberto/.config/discord/0.0.88/modules/pending/discord_voice-1.zip: 39%
3/23/2025, 2:26:57 PM GMT+3 [Modules] Streaming discord_voice@1 to /home/alberto/.config/discord/0.0.88/modules/pending/discord_voice-1.zip: 40%
3/23/2025, 2:26:57 PM GMT+3 [Modules] Streaming discord_voice@1 to /home/alberto/.config/discord/0.0.88/modules/pending/discord_voice-1.zip: 41%
3/23/2025, 2:26:57 PM GMT+3 [Modules] Streaming discord_voice@1 to /home/alberto/.config/discord/0.0.88/modules/pending/discord_voice-1.zip: 42%
3/23/2025, 2:26:57 PM GMT+3 [Modules] Streaming discord_voice@1 to /home/alberto/.config/discord/0.0.88/modules/pending/discord_voice-1.zip: 43%
3/23/2025, 2:26:57 PM GMT+3 [Modules] Streaming discord_voice@1 to /home/alberto/.config/discord/0.0.88/modules/pending/discord_voice-1.zip: 44%
3/23/2025, 2:26:57 PM GMT+3 [Modules] Streaming discord_voice@1 to /home/alberto/.config/discord/0.0.88/modules/pending/discord_voice-1.zip: 45%
3/23/2025, 2:26:58 PM GMT+3 [Modules] Streaming discord_voice@1 to /home/alberto/.config/discord/0.0.88/modules/pending/discord_voice-1.zip: 46%
3/23/2025, 2:26:58 PM GMT+3 [Modules] Streaming discord_voice@1 to /home/alberto/.config/discord/0.0.88/modules/pending/discord_voice-1.zip: 47%
3/23/2025, 2:26:58 PM GMT+3 [Modules] Streaming discord_voice@1 to /home/alberto/.config/discord/0.0.88/modules/pending/discord_voice-1.zip: 48%
3/23/2025, 2:26:58 PM GMT+3 [Modules] Streaming discord_voice@1 to /home/alberto/.config/discord/0.0.88/modules/pending/discord_voice-1.zip: 49%
3/23/2025, 2:26:58 PM GMT+3 [Modules] Streaming discord_voice@1 to /home/alberto/.config/discord/0.0.88/modules/pending/discord_voice-1.zip: 50%
3/23/2025, 2:26:58 PM GMT+3 [Modules] Streaming discord_voice@1 to /home/alberto/.config/discord/0.0.88/modules/pending/discord_voice-1.zip: 51%
3/23/2025, 2:26:58 PM GMT+3 [Modules] Streaming discord_voice@1 to /home/alberto/.config/discord/0.0.88/modules/pending/discord_voice-1.zip: 52%
3/23/2025, 2:26:58 PM GMT+3 [Modules] Streaming discord_voice@1 to /home/alberto/.config/discord/0.0.88/modules/pending/discord_voice-1.zip: 53%
3/23/2025, 2:26:58 PM GMT+3 [Modules] Streaming discord_voice@1 to /home/alberto/.config/discord/0.0.88/modules/pending/discord_voice-1.zip: 54%
3/23/2025, 2:26:58 PM GMT+3 [Modules] Streaming discord_voice@1 to /home/alberto/.config/discord/0.0.88/modules/pending/discord_voice-1.zip: 55%
3/23/2025, 2:26:58 PM GMT+3 [Modules] Streaming discord_voice@1 to /home/alberto/.config/discord/0.0.88/modules/pending/discord_voice-1.zip: 56%
3/23/2025, 2:26:58 PM GMT+3 [Modules] Streaming discord_voice@1 to /home/alberto/.config/discord/0.0.88/modules/pending/discord_voice-1.zip: 57%
3/23/2025, 2:26:58 PM GMT+3 [Modules] Streaming discord_voice@1 to /home/alberto/.config/discord/0.0.88/modules/pending/discord_voice-1.zip: 58%
3/23/2025, 2:26:58 PM GMT+3 [Modules] Streaming discord_voice@1 to /home/alberto/.config/discord/0.0.88/modules/pending/discord_voice-1.zip: 59%
3/23/2025, 2:26:58 PM GMT+3 [Modules] Streaming discord_voice@1 to /home/alberto/.config/discord/0.0.88/modules/pending/discord_voice-1.zip: 60%
3/23/2025, 2:26:58 PM GMT+3 [Modules] Streaming discord_voice@1 to /home/alberto/.config/discord/0.0.88/modules/pending/discord_voice-1.zip: 61%
3/23/2025, 2:26:58 PM GMT+3 [Modules] Streaming discord_voice@1 to /home/alberto/.config/discord/0.0.88/modules/pending/discord_voice-1.zip: 62%
3/23/2025, 2:26:58 PM GMT+3 [Modules] Streaming discord_voice@1 to /home/alberto/.config/discord/0.0.88/modules/pending/discord_voice-1.zip: 63%
3/23/2025, 2:26:58 PM GMT+3 [Modules] Streaming discord_voice@1 to /home/alberto/.config/discord/0.0.88/modules/pending/discord_voice-1.zip: 64%
3/23/2025, 2:26:58 PM GMT+3 [Modules] Streaming discord_voice@1 to /home/alberto/.config/discord/0.0.88/modules/pending/discord_voice-1.zip: 65%
3/23/2025, 2:26:58 PM GMT+3 [Modules] Streaming discord_voice@1 to /home/alberto/.config/discord/0.0.88/modules/pending/discord_voice-1.zip: 66%
3/23/2025, 2:26:58 PM GMT+3 [Modules] Streaming discord_voice@1 to /home/alberto/.config/discord/0.0.88/modules/pending/discord_voice-1.zip: 67%
3/23/2025, 2:26:58 PM GMT+3 [Modules] Streaming discord_voice@1 to /home/alberto/.config/discord/0.0.88/modules/pending/discord_voice-1.zip: 68%
3/23/2025, 2:26:58 PM GMT+3 [Modules] Streaming discord_voice@1 to /home/alberto/.config/discord/0.0.88/modules/pending/discord_voice-1.zip: 69%
3/23/2025, 2:26:58 PM GMT+3 [Modules] Streaming discord_voice@1 to /home/alberto/.config/discord/0.0.88/modules/pending/discord_voice-1.zip: 70%
3/23/2025, 2:26:58 PM GMT+3 [Modules] Streaming discord_voice@1 to /home/alberto/.config/discord/0.0.88/modules/pending/discord_voice-1.zip: 71%
3/23/2025, 2:26:58 PM GMT+3 [Modules] Streaming discord_voice@1 to /home/alberto/.config/discord/0.0.88/modules/pending/discord_voice-1.zip: 72%
3/23/2025, 2:26:58 PM GMT+3 [Modules] Streaming discord_voice@1 to /home/alberto/.config/discord/0.0.88/modules/pending/discord_voice-1.zip: 73%
3/23/2025, 2:26:58 PM GMT+3 [Modules] Streaming discord_voice@1 to /home/alberto/.config/discord/0.0.88/modules/pending/discord_voice-1.zip: 74%
3/23/2025, 2:26:58 PM GMT+3 [Modules] Streaming discord_voice@1 to /home/alberto/.config/discord/0.0.88/modules/pending/discord_voice-1.zip: 75%
3/23/2025, 2:26:58 PM GMT+3 [Modules] Streaming discord_voice@1 to /home/alberto/.config/discord/0.0.88/modules/pending/discord_voice-1.zip: 76%
3/23/2025, 2:26:58 PM GMT+3 [Modules] Streaming discord_voice@1 to /home/alberto/.config/discord/0.0.88/modules/pending/discord_voice-1.zip: 77%
3/23/2025, 2:26:58 PM GMT+3 [Modules] Streaming discord_voice@1 to /home/alberto/.config/discord/0.0.88/modules/pending/discord_voice-1.zip: 78%
3/23/2025, 2:26:58 PM GMT+3 [Modules] Streaming discord_voice@1 to /home/alberto/.config/discord/0.0.88/modules/pending/discord_voice-1.zip: 79%
3/23/2025, 2:26:58 PM GMT+3 [Modules] Streaming discord_voice@1 to /home/alberto/.config/discord/0.0.88/modules/pending/discord_voice-1.zip: 80%
3/23/2025, 2:26:58 PM GMT+3 [Modules] Streaming discord_voice@1 to /home/alberto/.config/discord/0.0.88/modules/pending/discord_voice-1.zip: 81%
3/23/2025, 2:26:59 PM GMT+3 [Modules] Streaming discord_voice@1 to /home/alberto/.config/discord/0.0.88/modules/pending/discord_voice-1.zip: 82%
3/23/2025, 2:26:59 PM GMT+3 [Modules] Streaming discord_voice@1 to /home/alberto/.config/discord/0.0.88/modules/pending/discord_voice-1.zip: 83%
3/23/2025, 2:26:59 PM GMT+3 [Modules] Streaming discord_voice@1 to /home/alberto/.config/discord/0.0.88/modules/pending/discord_voice-1.zip: 84%
3/23/2025, 2:26:59 PM GMT+3 [Modules] Streaming discord_voice@1 to /home/alberto/.config/discord/0.0.88/modules/pending/discord_voice-1.zip: 85%
3/23/2025, 2:26:59 PM GMT+3 [Modules] Streaming discord_voice@1 to /home/alberto/.config/discord/0.0.88/modules/pending/discord_voice-1.zip: 86%
3/23/2025, 2:26:59 PM GMT+3 [Modules] Streaming discord_voice@1 to /home/alberto/.config/discord/0.0.88/modules/pending/discord_voice-1.zip: 87%
3/23/2025, 2:26:59 PM GMT+3 [Modules] Streaming discord_voice@1 to /home/alberto/.config/discord/0.0.88/modules/pending/discord_voice-1.zip: 88%
3/23/2025, 2:26:59 PM GMT+3 [Modules] Streaming discord_voice@1 to /home/alberto/.config/discord/0.0.88/modules/pending/discord_voice-1.zip: 89%
3/23/2025, 2:26:59 PM GMT+3 [Modules] Streaming discord_voice@1 to /home/alberto/.config/discord/0.0.88/modules/pending/discord_voice-1.zip: 90%
3/23/2025, 2:26:59 PM GMT+3 [Modules] Streaming discord_voice@1 to /home/alberto/.config/discord/0.0.88/modules/pending/discord_voice-1.zip: 91%
3/23/2025, 2:26:59 PM GMT+3 [Modules] Streaming discord_voice@1 to /home/alberto/.config/discord/0.0.88/modules/pending/discord_voice-1.zip: 92%
3/23/2025, 2:26:59 PM GMT+3 [Modules] Streaming discord_voice@1 to /home/alberto/.config/discord/0.0.88/modules/pending/discord_voice-1.zip: 93%
3/23/2025, 2:26:59 PM GMT+3 [Modules] Streaming discord_voice@1 to /home/alberto/.config/discord/0.0.88/modules/pending/discord_voice-1.zip: 94%
3/23/2025, 2:26:59 PM GMT+3 [Modules] Streaming discord_voice@1 to /home/alberto/.config/discord/0.0.88/modules/pending/discord_voice-1.zip: 95%
3/23/2025, 2:26:59 PM GMT+3 [Modules] Streaming discord_voice@1 to /home/alberto/.config/discord/0.0.88/modules/pending/discord_voice-1.zip: 96%
3/23/2025, 2:26:59 PM GMT+3 [Modules] Streaming discord_voice@1 to /home/alberto/.config/discord/0.0.88/modules/pending/discord_voice-1.zip: 97%
3/23/2025, 2:26:59 PM GMT+3 [Modules] Streaming discord_voice@1 to /home/alberto/.config/discord/0.0.88/modules/pending/discord_voice-1.zip: 98%
3/23/2025, 2:26:59 PM GMT+3 [Modules] Streaming discord_voice@1 to /home/alberto/.config/discord/0.0.88/modules/pending/discord_voice-1.zip: 99%
3/23/2025, 2:26:59 PM GMT+3 [Modules] Streaming discord_voice@1 to /home/alberto/.config/discord/0.0.88/modules/pending/discord_voice-1.zip: 100%
3/23/2025, 2:26:59 PM GMT+3 [Modules] Fetching discord_zstd@1 from https://discord.com/api/modules/stable/discord_zstd/1
3/23/2025, 2:26:59 PM GMT+3 [Modules] Streaming discord_zstd@1 to /home/alberto/.config/discord/0.0.88/modules/pending/discord_zstd-1.zip
3/23/2025, 2:26:59 PM GMT+3 [Modules] Streaming discord_zstd@1 to /home/alberto/.config/discord/0.0.88/modules/pending/discord_zstd-1.zip: 6%
3/23/2025, 2:26:59 PM GMT+3 [Modules] Streaming discord_zstd@1 to /home/alberto/.config/discord/0.0.88/modules/pending/discord_zstd-1.zip: 14%
3/23/2025, 2:26:59 PM GMT+3 [Modules] Streaming discord_zstd@1 to /home/alberto/.config/discord/0.0.88/modules/pending/discord_zstd-1.zip: 26%
3/23/2025, 2:26:59 PM GMT+3 [Modules] Streaming discord_zstd@1 to /home/alberto/.config/discord/0.0.88/modules/pending/discord_zstd-1.zip: 35%
3/23/2025, 2:26:59 PM GMT+3 [Modules] Streaming discord_zstd@1 to /home/alberto/.config/discord/0.0.88/modules/pending/discord_zstd-1.zip: 43%
3/23/2025, 2:26:59 PM GMT+3 [Modules] Streaming discord_zstd@1 to /home/alberto/.config/discord/0.0.88/modules/pending/discord_zstd-1.zip: 54%
3/23/2025, 2:26:59 PM GMT+3 [Modules] Streaming discord_zstd@1 to /home/alberto/.config/discord/0.0.88/modules/pending/discord_zstd-1.zip: 62%
3/23/2025, 2:26:59 PM GMT+3 [Modules] Streaming discord_zstd@1 to /home/alberto/.config/discord/0.0.88/modules/pending/discord_zstd-1.zip: 72%
3/23/2025, 2:26:59 PM GMT+3 [Modules] Streaming discord_zstd@1 to /home/alberto/.config/discord/0.0.88/modules/pending/discord_zstd-1.zip: 74%
3/23/2025, 2:26:59 PM GMT+3 [Modules] Streaming discord_zstd@1 to /home/alberto/.config/discord/0.0.88/modules/pending/discord_zstd-1.zip: 86%
3/23/2025, 2:26:59 PM GMT+3 [Modules] Streaming discord_zstd@1 to /home/alberto/.config/discord/0.0.88/modules/pending/discord_zstd-1.zip: 94%
3/23/2025, 2:26:59 PM GMT+3 [Modules] Streaming discord_zstd@1 to /home/alberto/.config/discord/0.0.88/modules/pending/discord_zstd-1.zip: 100%
3/23/2025, 2:26:59 PM GMT+3 [Modules] Finished module downloads. [success: 6] [failure: 0]
3/23/2025, 2:26:59 PM GMT+3 [Modules] Installing updates...
3/23/2025, 2:26:59 PM GMT+3 [Modules] Installing discord_desktop_core@1 from /home/alberto/.config/discord/0.0.88/modules/pending/discord_desktop_core-1.zip
3/23/2025, 2:27:00 PM GMT+3 [Modules] Installing discord_erlpack@1 from /home/alberto/.config/discord/0.0.88/modules/pending/discord_erlpack-1.zip
3/23/2025, 2:27:00 PM GMT+3 [Modules] Installing discord_spellcheck@1 from /home/alberto/.config/discord/0.0.88/modules/pending/discord_spellcheck-1.zip
3/23/2025, 2:27:02 PM GMT+3 [Modules] Installing discord_utils@1 from /home/alberto/.config/discord/0.0.88/modules/pending/discord_utils-1.zip
3/23/2025, 2:27:03 PM GMT+3 [Modules] Installing discord_voice@1 from /home/alberto/.config/discord/0.0.88/modules/pending/discord_voice-1.zip
3/23/2025, 2:27:04 PM GMT+3 [Modules] Installing discord_zstd@1 from /home/alberto/.config/discord/0.0.88/modules/pending/discord_zstd-1.zip
3/23/2025, 2:27:04 PM GMT+3 [Modules] Finished module installations. [success: 6] [failure: 0]
3/23/2025, 2:27:04 PM GMT+3 [Modules] Checking for host updates.
3/23/2025, 2:27:04 PM GMT+3 [Modules] Host is up to date.
3/23/2025, 2:27:04 PM GMT+3 [Modules] Checking for module updates at https://discord.com/api/modules/stable/versions.json
3/23/2025, 2:27:04 PM GMT+3 [Modules] No module updates available.
3/23/2025, 2:27:08 PM GMT+3 [Modules] Starting to install discord_krisp...
3/23/2025, 2:27:08 PM GMT+3 [Modules] Fetching discord_krisp@1 from https://discord.com/api/modules/stable/discord_krisp/1
3/23/2025, 2:27:08 PM GMT+3 [Modules] Streaming discord_krisp@1 to /home/alberto/.config/discord/0.0.88/modules/pending/discord_krisp-1.zip
3/23/2025, 2:27:08 PM GMT+3 [Modules] Starting to install discord_game_utils...
3/23/2025, 2:27:08 PM GMT+3 [Modules] Streaming discord_krisp@1 to /home/alberto/.config/discord/0.0.88/modules/pending/discord_krisp-1.zip: 1%
3/23/2025, 2:27:08 PM GMT+3 [Modules] Streaming discord_krisp@1 to /home/alberto/.config/discord/0.0.88/modules/pending/discord_krisp-1.zip: 2%
3/23/2025, 2:27:08 PM GMT+3 [Modules] Streaming discord_krisp@1 to /home/alberto/.config/discord/0.0.88/modules/pending/discord_krisp-1.zip: 3%
3/23/2025, 2:27:08 PM GMT+3 [Modules] Streaming discord_krisp@1 to /home/alberto/.config/discord/0.0.88/modules/pending/discord_krisp-1.zip: 4%
3/23/2025, 2:27:08 PM GMT+3 [Modules] Streaming discord_krisp@1 to /home/alberto/.config/discord/0.0.88/modules/pending/discord_krisp-1.zip: 5%
3/23/2025, 2:27:09 PM GMT+3 [Modules] Streaming discord_krisp@1 to /home/alberto/.config/discord/0.0.88/modules/pending/discord_krisp-1.zip: 6%
3/23/2025, 2:27:09 PM GMT+3 [Modules] Streaming discord_krisp@1 to /home/alberto/.config/discord/0.0.88/modules/pending/discord_krisp-1.zip: 7%
3/23/2025, 2:27:09 PM GMT+3 [Modules] Streaming discord_krisp@1 to /home/alberto/.config/discord/0.0.88/modules/pending/discord_krisp-1.zip: 8%
3/23/2025, 2:27:09 PM GMT+3 [Modules] Streaming discord_krisp@1 to /home/alberto/.config/discord/0.0.88/modules/pending/discord_krisp-1.zip: 9%
3/23/2025, 2:27:09 PM GMT+3 [Modules] Streaming discord_krisp@1 to /home/alberto/.config/discord/0.0.88/modules/pending/discord_krisp-1.zip: 10%
3/23/2025, 2:27:09 PM GMT+3 [Modules] Streaming discord_krisp@1 to /home/alberto/.config/discord/0.0.88/modules/pending/discord_krisp-1.zip: 11%
3/23/2025, 2:27:09 PM GMT+3 [Modules] Streaming discord_krisp@1 to /home/alberto/.config/discord/0.0.88/modules/pending/discord_krisp-1.zip: 13%
3/23/2025, 2:27:09 PM GMT+3 [Modules] Streaming discord_krisp@1 to /home/alberto/.config/discord/0.0.88/modules/pending/discord_krisp-1.zip: 14%
3/23/2025, 2:27:09 PM GMT+3 [Modules] Streaming discord_krisp@1 to /home/alberto/.config/discord/0.0.88/modules/pending/discord_krisp-1.zip: 15%
3/23/2025, 2:27:09 PM GMT+3 [Modules] Streaming discord_krisp@1 to /home/alberto/.config/discord/0.0.88/modules/pending/discord_krisp-1.zip: 16%
3/23/2025, 2:27:09 PM GMT+3 [Modules] Streaming discord_krisp@1 to /home/alberto/.config/discord/0.0.88/modules/pending/discord_krisp-1.zip: 17%
3/23/2025, 2:27:09 PM GMT+3 [Modules] Streaming discord_krisp@1 to /home/alberto/.config/discord/0.0.88/modules/pending/discord_krisp-1.zip: 18%
3/23/2025, 2:27:09 PM GMT+3 [Modules] Streaming discord_krisp@1 to /home/alberto/.config/discord/0.0.88/modules/pending/discord_krisp-1.zip: 19%
3/23/2025, 2:27:09 PM GMT+3 [Modules] Streaming discord_krisp@1 to /home/alberto/.config/discord/0.0.88/modules/pending/discord_krisp-1.zip: 20%
3/23/2025, 2:27:09 PM GMT+3 [Modules] Streaming discord_krisp@1 to /home/alberto/.config/discord/0.0.88/modules/pending/discord_krisp-1.zip: 21%
3/23/2025, 2:27:09 PM GMT+3 [Modules] Streaming discord_krisp@1 to /home/alberto/.config/discord/0.0.88/modules/pending/discord_krisp-1.zip: 22%
3/23/2025, 2:27:09 PM GMT+3 [Modules] Streaming discord_krisp@1 to /home/alberto/.config/discord/0.0.88/modules/pending/discord_krisp-1.zip: 23%
3/23/2025, 2:27:09 PM GMT+3 [Modules] Streaming discord_krisp@1 to /home/alberto/.config/discord/0.0.88/modules/pending/discord_krisp-1.zip: 24%
3/23/2025, 2:27:09 PM GMT+3 [Modules] Streaming discord_krisp@1 to /home/alberto/.config/discord/0.0.88/modules/pending/discord_krisp-1.zip: 25%
3/23/2025, 2:27:09 PM GMT+3 [Modules] Streaming discord_krisp@1 to /home/alberto/.config/discord/0.0.88/modules/pending/discord_krisp-1.zip: 26%
3/23/2025, 2:27:09 PM GMT+3 [Modules] Streaming discord_krisp@1 to /home/alberto/.config/discord/0.0.88/modules/pending/discord_krisp-1.zip: 27%
3/23/2025, 2:27:09 PM GMT+3 [Modules] Streaming discord_krisp@1 to /home/alberto/.config/discord/0.0.88/modules/pending/discord_krisp-1.zip: 28%
3/23/2025, 2:27:09 PM GMT+3 [Modules] Streaming discord_krisp@1 to /home/alberto/.config/discord/0.0.88/modules/pending/discord_krisp-1.zip: 29%
3/23/2025, 2:27:09 PM GMT+3 [Modules] Streaming discord_krisp@1 to /home/alberto/.config/discord/0.0.88/modules/pending/discord_krisp-1.zip: 30%
3/23/2025, 2:27:09 PM GMT+3 [Modules] Streaming discord_krisp@1 to /home/alberto/.config/discord/0.0.88/modules/pending/discord_krisp-1.zip: 31%
3/23/2025, 2:27:09 PM GMT+3 [Modules] Streaming discord_krisp@1 to /home/alberto/.config/discord/0.0.88/modules/pending/discord_krisp-1.zip: 32%
3/23/2025, 2:27:09 PM GMT+3 [Modules] Streaming discord_krisp@1 to /home/alberto/.config/discord/0.0.88/modules/pending/discord_krisp-1.zip: 33%
3/23/2025, 2:27:09 PM GMT+3 [Modules] Streaming discord_krisp@1 to /home/alberto/.config/discord/0.0.88/modules/pending/discord_krisp-1.zip: 34%
3/23/2025, 2:27:09 PM GMT+3 [Modules] Streaming discord_krisp@1 to /home/alberto/.config/discord/0.0.88/modules/pending/discord_krisp-1.zip: 35%
3/23/2025, 2:27:09 PM GMT+3 [Modules] Streaming discord_krisp@1 to /home/alberto/.config/discord/0.0.88/modules/pending/discord_krisp-1.zip: 36%
3/23/2025, 2:27:09 PM GMT+3 [Modules] Streaming discord_krisp@1 to /home/alberto/.config/discord/0.0.88/modules/pending/discord_krisp-1.zip: 37%
3/23/2025, 2:27:09 PM GMT+3 [Modules] Streaming discord_krisp@1 to /home/alberto/.config/discord/0.0.88/modules/pending/discord_krisp-1.zip: 38%
3/23/2025, 2:27:09 PM GMT+3 [Modules] Streaming discord_krisp@1 to /home/alberto/.config/discord/0.0.88/modules/pending/discord_krisp-1.zip: 39%
3/23/2025, 2:27:09 PM GMT+3 [Modules] Streaming discord_krisp@1 to /home/alberto/.config/discord/0.0.88/modules/pending/discord_krisp-1.zip: 40%
3/23/2025, 2:27:09 PM GMT+3 [Modules] Streaming discord_krisp@1 to /home/alberto/.config/discord/0.0.88/modules/pending/discord_krisp-1.zip: 41%
3/23/2025, 2:27:10 PM GMT+3 [Modules] Streaming discord_krisp@1 to /home/alberto/.config/discord/0.0.88/modules/pending/discord_krisp-1.zip: 42%
3/23/2025, 2:27:10 PM GMT+3 [Modules] Streaming discord_krisp@1 to /home/alberto/.config/discord/0.0.88/modules/pending/discord_krisp-1.zip: 43%
3/23/2025, 2:27:10 PM GMT+3 [Modules] Streaming discord_krisp@1 to /home/alberto/.config/discord/0.0.88/modules/pending/discord_krisp-1.zip: 44%
3/23/2025, 2:27:10 PM GMT+3 [Modules] Streaming discord_krisp@1 to /home/alberto/.config/discord/0.0.88/modules/pending/discord_krisp-1.zip: 45%
3/23/2025, 2:27:10 PM GMT+3 [Modules] Streaming discord_krisp@1 to /home/alberto/.config/discord/0.0.88/modules/pending/discord_krisp-1.zip: 46%
3/23/2025, 2:27:10 PM GMT+3 [Modules] Streaming discord_krisp@1 to /home/alberto/.config/discord/0.0.88/modules/pending/discord_krisp-1.zip: 47%
3/23/2025, 2:27:10 PM GMT+3 [Modules] Streaming discord_krisp@1 to /home/alberto/.config/discord/0.0.88/modules/pending/discord_krisp-1.zip: 48%
3/23/2025, 2:27:10 PM GMT+3 [Modules] Streaming discord_krisp@1 to /home/alberto/.config/discord/0.0.88/modules/pending/discord_krisp-1.zip: 49%
3/23/2025, 2:27:10 PM GMT+3 [Modules] Streaming discord_krisp@1 to /home/alberto/.config/discord/0.0.88/modules/pending/discord_krisp-1.zip: 50%
3/23/2025, 2:27:10 PM GMT+3 [Modules] Streaming discord_krisp@1 to /home/alberto/.config/discord/0.0.88/modules/pending/discord_krisp-1.zip: 51%
3/23/2025, 2:27:10 PM GMT+3 [Modules] Streaming discord_krisp@1 to /home/alberto/.config/discord/0.0.88/modules/pending/discord_krisp-1.zip: 52%
3/23/2025, 2:27:10 PM GMT+3 [Modules] Streaming discord_krisp@1 to /home/alberto/.config/discord/0.0.88/modules/pending/discord_krisp-1.zip: 53%
3/23/2025, 2:27:10 PM GMT+3 [Modules] Streaming discord_krisp@1 to /home/alberto/.config/discord/0.0.88/modules/pending/discord_krisp-1.zip: 54%
3/23/2025, 2:27:10 PM GMT+3 [Modules] Streaming discord_krisp@1 to /home/alberto/.config/discord/0.0.88/modules/pending/discord_krisp-1.zip: 55%
3/23/2025, 2:27:10 PM GMT+3 [Modules] Streaming discord_krisp@1 to /home/alberto/.config/discord/0.0.88/modules/pending/discord_krisp-1.zip: 56%
3/23/2025, 2:27:10 PM GMT+3 [Modules] Streaming discord_krisp@1 to /home/alberto/.config/discord/0.0.88/modules/pending/discord_krisp-1.zip: 57%
3/23/2025, 2:27:10 PM GMT+3 [Modules] Streaming discord_krisp@1 to /home/alberto/.config/discord/0.0.88/modules/pending/discord_krisp-1.zip: 58%
3/23/2025, 2:27:10 PM GMT+3 [Modules] Streaming discord_krisp@1 to /home/alberto/.config/discord/0.0.88/modules/pending/discord_krisp-1.zip: 59%
3/23/2025, 2:27:10 PM GMT+3 [Modules] Streaming discord_krisp@1 to /home/alberto/.config/discord/0.0.88/modules/pending/discord_krisp-1.zip: 60%
3/23/2025, 2:27:10 PM GMT+3 [Modules] Streaming discord_krisp@1 to /home/alberto/.config/discord/0.0.88/modules/pending/discord_krisp-1.zip: 61%
3/23/2025, 2:27:10 PM GMT+3 [Modules] Streaming discord_krisp@1 to /home/alberto/.config/discord/0.0.88/modules/pending/discord_krisp-1.zip: 62%
3/23/2025, 2:27:10 PM GMT+3 [Modules] Streaming discord_krisp@1 to /home/alberto/.config/discord/0.0.88/modules/pending/discord_krisp-1.zip: 63%
3/23/2025, 2:27:10 PM GMT+3 [Modules] Streaming discord_krisp@1 to /home/alberto/.config/discord/0.0.88/modules/pending/discord_krisp-1.zip: 64%
3/23/2025, 2:27:10 PM GMT+3 [Modules] Streaming discord_krisp@1 to /home/alberto/.config/discord/0.0.88/modules/pending/discord_krisp-1.zip: 65%
3/23/2025, 2:27:10 PM GMT+3 [Modules] Streaming discord_krisp@1 to /home/alberto/.config/discord/0.0.88/modules/pending/discord_krisp-1.zip: 66%
3/23/2025, 2:27:10 PM GMT+3 [Modules] Streaming discord_krisp@1 to /home/alberto/.config/discord/0.0.88/modules/pending/discord_krisp-1.zip: 67%
3/23/2025, 2:27:10 PM GMT+3 [Modules] Streaming discord_krisp@1 to /home/alberto/.config/discord/0.0.88/modules/pending/discord_krisp-1.zip: 68%
3/23/2025, 2:27:10 PM GMT+3 [Modules] Streaming discord_krisp@1 to /home/alberto/.config/discord/0.0.88/modules/pending/discord_krisp-1.zip: 69%
3/23/2025, 2:27:10 PM GMT+3 [Modules] Streaming discord_krisp@1 to /home/alberto/.config/discord/0.0.88/modules/pending/discord_krisp-1.zip: 70%
3/23/2025, 2:27:10 PM GMT+3 [Modules] Streaming discord_krisp@1 to /home/alberto/.config/discord/0.0.88/modules/pending/discord_krisp-1.zip: 71%
3/23/2025, 2:27:10 PM GMT+3 [Modules] Streaming discord_krisp@1 to /home/alberto/.config/discord/0.0.88/modules/pending/discord_krisp-1.zip: 72%
3/23/2025, 2:27:10 PM GMT+3 [Modules] Streaming discord_krisp@1 to /home/alberto/.config/discord/0.0.88/modules/pending/discord_krisp-1.zip: 73%
3/23/2025, 2:27:10 PM GMT+3 [Modules] Streaming discord_krisp@1 to /home/alberto/.config/discord/0.0.88/modules/pending/discord_krisp-1.zip: 74%
3/23/2025, 2:27:10 PM GMT+3 [Modules] Streaming discord_krisp@1 to /home/alberto/.config/discord/0.0.88/modules/pending/discord_krisp-1.zip: 75%
3/23/2025, 2:27:10 PM GMT+3 [Modules] Streaming discord_krisp@1 to /home/alberto/.config/discord/0.0.88/modules/pending/discord_krisp-1.zip: 76%
3/23/2025, 2:27:10 PM GMT+3 [Modules] Streaming discord_krisp@1 to /home/alberto/.config/discord/0.0.88/modules/pending/discord_krisp-1.zip: 77%
3/23/2025, 2:27:10 PM GMT+3 [Modules] Streaming discord_krisp@1 to /home/alberto/.config/discord/0.0.88/modules/pending/discord_krisp-1.zip: 78%
3/23/2025, 2:27:10 PM GMT+3 [Modules] Streaming discord_krisp@1 to /home/alberto/.config/discord/0.0.88/modules/pending/discord_krisp-1.zip: 79%
3/23/2025, 2:27:10 PM GMT+3 [Modules] Streaming discord_krisp@1 to /home/alberto/.config/discord/0.0.88/modules/pending/discord_krisp-1.zip: 80%
3/23/2025, 2:27:11 PM GMT+3 [Modules] Streaming discord_krisp@1 to /home/alberto/.config/discord/0.0.88/modules/pending/discord_krisp-1.zip: 81%
3/23/2025, 2:27:11 PM GMT+3 [Modules] Streaming discord_krisp@1 to /home/alberto/.config/discord/0.0.88/modules/pending/discord_krisp-1.zip: 82%
3/23/2025, 2:27:11 PM GMT+3 [Modules] Streaming discord_krisp@1 to /home/alberto/.config/discord/0.0.88/modules/pending/discord_krisp-1.zip: 83%
3/23/2025, 2:27:11 PM GMT+3 [Modules] Streaming discord_krisp@1 to /home/alberto/.config/discord/0.0.88/modules/pending/discord_krisp-1.zip: 84%
3/23/2025, 2:27:11 PM GMT+3 [Modules] Streaming discord_krisp@1 to /home/alberto/.config/discord/0.0.88/modules/pending/discord_krisp-1.zip: 85%
3/23/2025, 2:27:11 PM GMT+3 [Modules] Streaming discord_krisp@1 to /home/alberto/.config/discord/0.0.88/modules/pending/discord_krisp-1.zip: 86%
3/23/2025, 2:27:11 PM GMT+3 [Modules] Streaming discord_krisp@1 to /home/alberto/.config/discord/0.0.88/modules/pending/discord_krisp-1.zip: 87%
3/23/2025, 2:27:11 PM GMT+3 [Modules] Streaming discord_krisp@1 to /home/alberto/.config/discord/0.0.88/modules/pending/discord_krisp-1.zip: 88%
3/23/2025, 2:27:11 PM GMT+3 [Modules] Streaming discord_krisp@1 to /home/alberto/.config/discord/0.0.88/modules/pending/discord_krisp-1.zip: 89%
3/23/2025, 2:27:11 PM GMT+3 [Modules] Streaming discord_krisp@1 to /home/alberto/.config/discord/0.0.88/modules/pending/discord_krisp-1.zip: 90%
3/23/2025, 2:27:11 PM GMT+3 [Modules] Streaming discord_krisp@1 to /home/alberto/.config/discord/0.0.88/modules/pending/discord_krisp-1.zip: 91%
3/23/2025, 2:27:11 PM GMT+3 [Modules] Streaming discord_krisp@1 to /home/alberto/.config/discord/0.0.88/modules/pending/discord_krisp-1.zip: 92%
3/23/2025, 2:27:11 PM GMT+3 [Modules] Streaming discord_krisp@1 to /home/alberto/.config/discord/0.0.88/modules/pending/discord_krisp-1.zip: 93%
3/23/2025, 2:27:11 PM GMT+3 [Modules] Streaming discord_krisp@1 to /home/alberto/.config/discord/0.0.88/modules/pending/discord_krisp-1.zip: 94%
3/23/2025, 2:27:11 PM GMT+3 [Modules] Streaming discord_krisp@1 to /home/alberto/.config/discord/0.0.88/modules/pending/discord_krisp-1.zip: 95%
3/23/2025, 2:27:11 PM GMT+3 [Modules] Streaming discord_krisp@1 to /home/alberto/.config/discord/0.0.88/modules/pending/discord_krisp-1.zip: 96%
3/23/2025, 2:27:11 PM GMT+3 [Modules] Streaming discord_krisp@1 to /home/alberto/.config/discord/0.0.88/modules/pending/discord_krisp-1.zip: 97%
3/23/2025, 2:27:11 PM GMT+3 [Modules] Streaming discord_krisp@1 to /home/alberto/.config/discord/0.0.88/modules/pending/discord_krisp-1.zip: 98%
3/23/2025, 2:27:11 PM GMT+3 [Modules] Streaming discord_krisp@1 to /home/alberto/.config/discord/0.0.88/modules/pending/discord_krisp-1.zip: 99%
3/23/2025, 2:27:11 PM GMT+3 [Modules] Streaming discord_krisp@1 to /home/alberto/.config/discord/0.0.88/modules/pending/discord_krisp-1.zip: 100%
3/23/2025, 2:27:11 PM GMT+3 [Modules] Fetching discord_game_utils@1 from https://discord.com/api/modules/stable/discord_game_utils/1
3/23/2025, 2:27:11 PM GMT+3 [Modules] Streaming discord_game_utils@1 to /home/alberto/.config/discord/0.0.88/modules/pending/discord_game_utils-1.zip
3/23/2025, 2:27:11 PM GMT+3 [Modules] Installing discord_krisp@1 from /home/alberto/.config/discord/0.0.88/modules/pending/discord_krisp-1.zip
3/23/2025, 2:27:11 PM GMT+3 [Modules] Streaming discord_game_utils@1 to /home/alberto/.config/discord/0.0.88/modules/pending/discord_game_utils-1.zip: 1%
3/23/2025, 2:27:11 PM GMT+3 [Modules] Streaming discord_game_utils@1 to /home/alberto/.config/discord/0.0.88/modules/pending/discord_game_utils-1.zip: 2%
3/23/2025, 2:27:11 PM GMT+3 [Modules] Streaming discord_game_utils@1 to /home/alberto/.config/discord/0.0.88/modules/pending/discord_game_utils-1.zip: 3%
3/23/2025, 2:27:11 PM GMT+3 [Modules] Streaming discord_game_utils@1 to /home/alberto/.config/discord/0.0.88/modules/pending/discord_game_utils-1.zip: 4%
3/23/2025, 2:27:11 PM GMT+3 [Modules] Streaming discord_game_utils@1 to /home/alberto/.config/discord/0.0.88/modules/pending/discord_game_utils-1.zip: 5%
3/23/2025, 2:27:11 PM GMT+3 [Modules] Streaming discord_game_utils@1 to /home/alberto/.config/discord/0.0.88/modules/pending/discord_game_utils-1.zip: 6%
3/23/2025, 2:27:11 PM GMT+3 [Modules] Streaming discord_game_utils@1 to /home/alberto/.config/discord/0.0.88/modules/pending/discord_game_utils-1.zip: 7%
3/23/2025, 2:27:11 PM GMT+3 [Modules] Streaming discord_game_utils@1 to /home/alberto/.config/discord/0.0.88/modules/pending/discord_game_utils-1.zip: 8%
3/23/2025, 2:27:11 PM GMT+3 [Modules] Streaming discord_game_utils@1 to /home/alberto/.config/discord/0.0.88/modules/pending/discord_game_utils-1.zip: 9%
3/23/2025, 2:27:11 PM GMT+3 [Modules] Streaming discord_game_utils@1 to /home/alberto/.config/discord/0.0.88/modules/pending/discord_game_utils-1.zip: 10%
3/23/2025, 2:27:11 PM GMT+3 [Modules] Streaming discord_game_utils@1 to /home/alberto/.config/discord/0.0.88/modules/pending/discord_game_utils-1.zip: 11%
3/23/2025, 2:27:11 PM GMT+3 [Modules] Streaming discord_game_utils@1 to /home/alberto/.config/discord/0.0.88/modules/pending/discord_game_utils-1.zip: 12%
3/23/2025, 2:27:11 PM GMT+3 [Modules] Streaming discord_game_utils@1 to /home/alberto/.config/discord/0.0.88/modules/pending/discord_game_utils-1.zip: 13%
3/23/2025, 2:27:12 PM GMT+3 [Modules] Streaming discord_game_utils@1 to /home/alberto/.config/discord/0.0.88/modules/pending/discord_game_utils-1.zip: 14%
3/23/2025, 2:27:12 PM GMT+3 [Modules] Streaming discord_game_utils@1 to /home/alberto/.config/discord/0.0.88/modules/pending/discord_game_utils-1.zip: 15%
3/23/2025, 2:27:12 PM GMT+3 [Modules] Streaming discord_game_utils@1 to /home/alberto/.config/discord/0.0.88/modules/pending/discord_game_utils-1.zip: 16%
3/23/2025, 2:27:12 PM GMT+3 [Modules] Streaming discord_game_utils@1 to /home/alberto/.config/discord/0.0.88/modules/pending/discord_game_utils-1.zip: 18%
3/23/2025, 2:27:12 PM GMT+3 [Modules] Streaming discord_game_utils@1 to /home/alberto/.config/discord/0.0.88/modules/pending/discord_game_utils-1.zip: 19%
3/23/2025, 2:27:12 PM GMT+3 [Modules] Streaming discord_game_utils@1 to /home/alberto/.config/discord/0.0.88/modules/pending/discord_game_utils-1.zip: 20%
3/23/2025, 2:27:12 PM GMT+3 [Modules] Streaming discord_game_utils@1 to /home/alberto/.config/discord/0.0.88/modules/pending/discord_game_utils-1.zip: 22%
3/23/2025, 2:27:12 PM GMT+3 [Modules] Streaming discord_game_utils@1 to /home/alberto/.config/discord/0.0.88/modules/pending/discord_game_utils-1.zip: 23%
3/23/2025, 2:27:12 PM GMT+3 [Modules] Streaming discord_game_utils@1 to /home/alberto/.config/discord/0.0.88/modules/pending/discord_game_utils-1.zip: 29%
3/23/2025, 2:27:12 PM GMT+3 [Modules] Streaming discord_game_utils@1 to /home/alberto/.config/discord/0.0.88/modules/pending/discord_game_utils-1.zip: 30%
3/23/2025, 2:27:12 PM GMT+3 [Modules] Streaming discord_game_utils@1 to /home/alberto/.config/discord/0.0.88/modules/pending/discord_game_utils-1.zip: 32%
3/23/2025, 2:27:12 PM GMT+3 [Modules] Streaming discord_game_utils@1 to /home/alberto/.config/discord/0.0.88/modules/pending/discord_game_utils-1.zip: 34%
3/23/2025, 2:27:12 PM GMT+3 [Modules] Streaming discord_game_utils@1 to /home/alberto/.config/discord/0.0.88/modules/pending/discord_game_utils-1.zip: 36%
3/23/2025, 2:27:12 PM GMT+3 [Modules] Streaming discord_game_utils@1 to /home/alberto/.config/discord/0.0.88/modules/pending/discord_game_utils-1.zip: 38%
3/23/2025, 2:27:12 PM GMT+3 [Modules] Streaming discord_game_utils@1 to /home/alberto/.config/discord/0.0.88/modules/pending/discord_game_utils-1.zip: 39%
3/23/2025, 2:27:12 PM GMT+3 [Modules] Streaming discord_game_utils@1 to /home/alberto/.config/discord/0.0.88/modules/pending/discord_game_utils-1.zip: 40%
3/23/2025, 2:27:12 PM GMT+3 [Modules] Streaming discord_game_utils@1 to /home/alberto/.config/discord/0.0.88/modules/pending/discord_game_utils-1.zip: 41%
3/23/2025, 2:27:12 PM GMT+3 [Modules] Streaming discord_game_utils@1 to /home/alberto/.config/discord/0.0.88/modules/pending/discord_game_utils-1.zip: 42%
3/23/2025, 2:27:12 PM GMT+3 [Modules] Streaming discord_game_utils@1 to /home/alberto/.config/discord/0.0.88/modules/pending/discord_game_utils-1.zip: 43%
3/23/2025, 2:27:12 PM GMT+3 [Modules] Streaming discord_game_utils@1 to /home/alberto/.config/discord/0.0.88/modules/pending/discord_game_utils-1.zip: 44%
3/23/2025, 2:27:12 PM GMT+3 [Modules] Streaming discord_game_utils@1 to /home/alberto/.config/discord/0.0.88/modules/pending/discord_game_utils-1.zip: 46%
3/23/2025, 2:27:12 PM GMT+3 [Modules] Streaming discord_game_utils@1 to /home/alberto/.config/discord/0.0.88/modules/pending/discord_game_utils-1.zip: 47%
3/23/2025, 2:27:12 PM GMT+3 [Modules] Streaming discord_game_utils@1 to /home/alberto/.config/discord/0.0.88/modules/pending/discord_game_utils-1.zip: 48%
3/23/2025, 2:27:12 PM GMT+3 [Modules] Streaming discord_game_utils@1 to /home/alberto/.config/discord/0.0.88/modules/pending/discord_game_utils-1.zip: 49%
3/23/2025, 2:27:12 PM GMT+3 [Modules] Streaming discord_game_utils@1 to /home/alberto/.config/discord/0.0.88/modules/pending/discord_game_utils-1.zip: 50%
3/23/2025, 2:27:12 PM GMT+3 [Modules] Streaming discord_game_utils@1 to /home/alberto/.config/discord/0.0.88/modules/pending/discord_game_utils-1.zip: 51%
3/23/2025, 2:27:12 PM GMT+3 [Modules] Streaming discord_game_utils@1 to /home/alberto/.config/discord/0.0.88/modules/pending/discord_game_utils-1.zip: 52%
3/23/2025, 2:27:12 PM GMT+3 [Modules] Streaming discord_game_utils@1 to /home/alberto/.config/discord/0.0.88/modules/pending/discord_game_utils-1.zip: 53%
3/23/2025, 2:27:12 PM GMT+3 [Modules] Streaming discord_game_utils@1 to /home/alberto/.config/discord/0.0.88/modules/pending/discord_game_utils-1.zip: 54%
3/23/2025, 2:27:12 PM GMT+3 [Modules] Streaming discord_game_utils@1 to /home/alberto/.config/discord/0.0.88/modules/pending/discord_game_utils-1.zip: 55%
3/23/2025, 2:27:12 PM GMT+3 [Modules] Streaming discord_game_utils@1 to /home/alberto/.config/discord/0.0.88/modules/pending/discord_game_utils-1.zip: 56%
3/23/2025, 2:27:12 PM GMT+3 [Modules] Streaming discord_game_utils@1 to /home/alberto/.config/discord/0.0.88/modules/pending/discord_game_utils-1.zip: 57%
3/23/2025, 2:27:12 PM GMT+3 [Modules] Streaming discord_game_utils@1 to /home/alberto/.config/discord/0.0.88/modules/pending/discord_game_utils-1.zip: 58%
3/23/2025, 2:27:12 PM GMT+3 [Modules] Streaming discord_game_utils@1 to /home/alberto/.config/discord/0.0.88/modules/pending/discord_game_utils-1.zip: 61%
3/23/2025, 2:27:12 PM GMT+3 [Modules] Streaming discord_game_utils@1 to /home/alberto/.config/discord/0.0.88/modules/pending/discord_game_utils-1.zip: 62%
3/23/2025, 2:27:12 PM GMT+3 [Modules] Streaming discord_game_utils@1 to /home/alberto/.config/discord/0.0.88/modules/pending/discord_game_utils-1.zip: 63%
3/23/2025, 2:27:12 PM GMT+3 [Modules] Streaming discord_game_utils@1 to /home/alberto/.config/discord/0.0.88/modules/pending/discord_game_utils-1.zip: 64%
3/23/2025, 2:27:12 PM GMT+3 [Modules] Streaming discord_game_utils@1 to /home/alberto/.config/discord/0.0.88/modules/pending/discord_game_utils-1.zip: 65%
3/23/2025, 2:27:12 PM GMT+3 [Modules] Streaming discord_game_utils@1 to /home/alberto/.config/discord/0.0.88/modules/pending/discord_game_utils-1.zip: 67%
3/23/2025, 2:27:12 PM GMT+3 [Modules] Streaming discord_game_utils@1 to /home/alberto/.config/discord/0.0.88/modules/pending/discord_game_utils-1.zip: 68%
3/23/2025, 2:27:12 PM GMT+3 [Modules] Streaming discord_game_utils@1 to /home/alberto/.config/discord/0.0.88/modules/pending/discord_game_utils-1.zip: 69%
3/23/2025, 2:27:12 PM GMT+3 [Modules] Streaming discord_game_utils@1 to /home/alberto/.config/discord/0.0.88/modules/pending/discord_game_utils-1.zip: 70%
3/23/2025, 2:27:12 PM GMT+3 [Modules] Streaming discord_game_utils@1 to /home/alberto/.config/discord/0.0.88/modules/pending/discord_game_utils-1.zip: 71%
3/23/2025, 2:27:12 PM GMT+3 [Modules] Streaming discord_game_utils@1 to /home/alberto/.config/discord/0.0.88/modules/pending/discord_game_utils-1.zip: 72%
3/23/2025, 2:27:12 PM GMT+3 [Modules] Streaming discord_game_utils@1 to /home/alberto/.config/discord/0.0.88/modules/pending/discord_game_utils-1.zip: 74%
3/23/2025, 2:27:12 PM GMT+3 [Modules] Streaming discord_game_utils@1 to /home/alberto/.config/discord/0.0.88/modules/pending/discord_game_utils-1.zip: 75%
3/23/2025, 2:27:12 PM GMT+3 [Modules] Streaming discord_game_utils@1 to /home/alberto/.config/discord/0.0.88/modules/pending/discord_game_utils-1.zip: 76%
3/23/2025, 2:27:12 PM GMT+3 [Modules] Streaming discord_game_utils@1 to /home/alberto/.config/discord/0.0.88/modules/pending/discord_game_utils-1.zip: 77%
3/23/2025, 2:27:12 PM GMT+3 [Modules] Streaming discord_game_utils@1 to /home/alberto/.config/discord/0.0.88/modules/pending/discord_game_utils-1.zip: 78%
3/23/2025, 2:27:12 PM GMT+3 [Modules] Streaming discord_game_utils@1 to /home/alberto/.config/discord/0.0.88/modules/pending/discord_game_utils-1.zip: 79%
3/23/2025, 2:27:12 PM GMT+3 [Modules] Streaming discord_game_utils@1 to /home/alberto/.config/discord/0.0.88/modules/pending/discord_game_utils-1.zip: 81%
3/23/2025, 2:27:12 PM GMT+3 [Modules] Streaming discord_game_utils@1 to /home/alberto/.config/discord/0.0.88/modules/pending/discord_game_utils-1.zip: 82%
3/23/2025, 2:27:12 PM GMT+3 [Modules] Streaming discord_game_utils@1 to /home/alberto/.config/discord/0.0.88/modules/pending/discord_game_utils-1.zip: 83%
3/23/2025, 2:27:12 PM GMT+3 [Modules] Streaming discord_game_utils@1 to /home/alberto/.config/discord/0.0.88/modules/pending/discord_game_utils-1.zip: 84%
3/23/2025, 2:27:12 PM GMT+3 [Modules] Streaming discord_game_utils@1 to /home/alberto/.config/discord/0.0.88/modules/pending/discord_game_utils-1.zip: 85%
3/23/2025, 2:27:12 PM GMT+3 [Modules] Streaming discord_game_utils@1 to /home/alberto/.config/discord/0.0.88/modules/pending/discord_game_utils-1.zip: 86%
3/23/2025, 2:27:12 PM GMT+3 [Modules] Streaming discord_game_utils@1 to /home/alberto/.config/discord/0.0.88/modules/pending/discord_game_utils-1.zip: 88%
3/23/2025, 2:27:12 PM GMT+3 [Modules] Streaming discord_game_utils@1 to /home/alberto/.config/discord/0.0.88/modules/pending/discord_game_utils-1.zip: 89%
3/23/2025, 2:27:12 PM GMT+3 [Modules] Streaming discord_game_utils@1 to /home/alberto/.config/discord/0.0.88/modules/pending/discord_game_utils-1.zip: 91%
3/23/2025, 2:27:12 PM GMT+3 [Modules] Streaming discord_game_utils@1 to /home/alberto/.config/discord/0.0.88/modules/pending/discord_game_utils-1.zip: 92%
3/23/2025, 2:27:12 PM GMT+3 [Modules] Streaming discord_game_utils@1 to /home/alberto/.config/discord/0.0.88/modules/pending/discord_game_utils-1.zip: 93%
3/23/2025, 2:27:12 PM GMT+3 [Modules] Streaming discord_game_utils@1 to /home/alberto/.config/discord/0.0.88/modules/pending/discord_game_utils-1.zip: 95%
3/23/2025, 2:27:12 PM GMT+3 [Modules] Streaming discord_game_utils@1 to /home/alberto/.config/discord/0.0.88/modules/pending/discord_game_utils-1.zip: 96%
3/23/2025, 2:27:12 PM GMT+3 [Modules] Streaming discord_game_utils@1 to /home/alberto/.config/discord/0.0.88/modules/pending/discord_game_utils-1.zip: 97%
3/23/2025, 2:27:12 PM GMT+3 [Modules] Streaming discord_game_utils@1 to /home/alberto/.config/discord/0.0.88/modules/pending/discord_game_utils-1.zip: 98%
3/23/2025, 2:27:12 PM GMT+3 [Modules] Streaming discord_game_utils@1 to /home/alberto/.config/discord/0.0.88/modules/pending/discord_game_utils-1.zip: 100%
3/23/2025, 2:27:12 PM GMT+3 [Modules] Finished module downloads. [success: 2] [failure: 0]
3/23/2025, 2:27:12 PM GMT+3 [Modules] Installing discord_game_utils@1 from /home/alberto/.config/discord/0.0.88/modules/pending/discord_game_utils-1.zip
3/23/2025, 2:27:12 PM GMT+3 [Modules] Finished module installations. [success: 2] [failure: 0]
3/23/2025, 2:27:17 PM GMT+3 [Modules] Checking for host updates.
3/23/2025, 2:27:17 PM GMT+3 [Modules] Starting to install discord_rpc...
3/23/2025, 2:27:17 PM GMT+3 [Modules] Fetching discord_rpc@1 from https://discord.com/api/modules/stable/discord_rpc/1
3/23/2025, 2:27:17 PM GMT+3 [Modules] Streaming discord_rpc@1 to /home/alberto/.config/discord/0.0.88/modules/pending/discord_rpc-1.zip
3/23/2025, 2:27:17 PM GMT+3 [Modules] Host is up to date.
3/23/2025, 2:27:17 PM GMT+3 [Modules] Checking for module updates at https://discord.com/api/modules/stable/versions.json
3/23/2025, 2:27:18 PM GMT+3 [Modules] No module updates available.
3/23/2025, 2:27:18 PM GMT+3 [Modules] Streaming discord_rpc@1 to /home/alberto/.config/discord/0.0.88/modules/pending/discord_rpc-1.zip: 55%
3/23/2025, 2:27:18 PM GMT+3 [Modules] Streaming discord_rpc@1 to /home/alberto/.config/discord/0.0.88/modules/pending/discord_rpc-1.zip: 100%
3/23/2025, 2:27:18 PM GMT+3 [Modules] Finished module downloads. [success: 1] [failure: 0]
3/23/2025, 2:27:18 PM GMT+3 [Modules] Installing discord_rpc@1 from /home/alberto/.config/discord/0.0.88/modules/pending/discord_rpc-1.zip
3/23/2025, 2:27:18 PM GMT+3 [Modules] Finished module installations. [success: 1] [failure: 0]
3/23/2025, 3:27:24 PM GMT+3 [Modules] Checking for host updates.
3/23/2025, 3:27:25 PM GMT+3 [Modules] Host is up to date.
3/23/2025, 3:27:25 PM GMT+3 [Modules] Checking for module updates at https://discord.com/api/modules/stable/versions.json
3/23/2025, 3:27:25 PM GMT+3 [Modules] No module updates available.
3/23/2025, 8:57:36 PM GMT+3 [Modules] Modules initializing
3/23/2025, 8:57:36 PM GMT+3 [Modules] Distribution: remote
3/23/2025, 8:57:36 PM GMT+3 [Modules] Host updates: enabled
3/23/2025, 8:57:36 PM GMT+3 [Modules] Module updates: enabled
3/23/2025, 8:57:36 PM GMT+3 [Modules] Module install path: /home/alberto/.config/discord/0.0.88/modules
3/23/2025, 8:57:36 PM GMT+3 [Modules] Module installed file path: /home/alberto/.config/discord/0.0.88/modules/installed.json
3/23/2025, 8:57:36 PM GMT+3 [Modules] Module download path: /home/alberto/.config/discord/0.0.88/modules/pending
3/23/2025, 8:57:37 PM GMT+3 [Modules] No updates to install
3/23/2025, 8:57:37 PM GMT+3 [Modules] Checking for host updates.
3/23/2025, 8:57:38 PM GMT+3 [Modules] Host is up to date.
3/23/2025, 8:57:38 PM GMT+3 [Modules] Checking for module updates at https://discord.com/api/modules/stable/versions.json
3/23/2025, 8:57:38 PM GMT+3 [Modules] No module updates available.
3/23/2025, 8:57:54 PM GMT+3 [Modules] Checking for host updates.
3/23/2025, 8:57:54 PM GMT+3 [Modules] Host is up to date.
3/23/2025, 8:57:54 PM GMT+3 [Modules] Checking for module updates at https://discord.com/api/modules/stable/versions.json
3/23/2025, 8:57:54 PM GMT+3 [Modules] No module updates available.
3/25/2025, 9:52:56 PM GMT+3 [Modules] Modules initializing
3/25/2025, 9:52:56 PM GMT+3 [Modules] Distribution: remote
3/25/2025, 9:52:56 PM GMT+3 [Modules] Host updates: enabled
3/25/2025, 9:52:56 PM GMT+3 [Modules] Module updates: enabled
3/25/2025, 9:52:56 PM GMT+3 [Modules] Module install path: /home/alberto/.config/discord/0.0.88/modules
3/25/2025, 9:52:56 PM GMT+3 [Modules] Module installed file path: /home/alberto/.config/discord/0.0.88/modules/installed.json
3/25/2025, 9:52:56 PM GMT+3 [Modules] Module download path: /home/alberto/.config/discord/0.0.88/modules/pending
3/25/2025, 9:52:57 PM GMT+3 [Modules] No updates to install
3/25/2025, 9:52:57 PM GMT+3 [Modules] Checking for host updates.
3/25/2025, 9:52:58 PM GMT+3 [Modules] Host update is available. Manual update required!
3/25/2025, 9:53:34 PM GMT+3 [Modules] Modules initializing
3/25/2025, 9:53:34 PM GMT+3 [Modules] Distribution: remote
3/25/2025, 9:53:34 PM GMT+3 [Modules] Host updates: enabled
3/25/2025, 9:53:34 PM GMT+3 [Modules] Module updates: enabled
3/25/2025, 9:53:34 PM GMT+3 [Modules] Module install path: /home/alberto/.config/discord/0.0.88/modules
3/25/2025, 9:53:34 PM GMT+3 [Modules] Module installed file path: /home/alberto/.config/discord/0.0.88/modules/installed.json
3/25/2025, 9:53:34 PM GMT+3 [Modules] Module download path: /home/alberto/.config/discord/0.0.88/modules/pending
3/25/2025, 9:53:35 PM GMT+3 [Modules] No updates to install
3/25/2025, 9:53:35 PM GMT+3 [Modules] Checking for host updates.
3/25/2025, 9:53:36 PM GMT+3 [Modules] Host update is available. Manual update required!
3/26/2025, 12:26:55 PM GMT+3 [Modules] Modules initializing
3/26/2025, 12:26:55 PM GMT+3 [Modules] Distribution: remote
3/26/2025, 12:26:55 PM GMT+3 [Modules] Host updates: enabled
3/26/2025, 12:26:55 PM GMT+3 [Modules] Module updates: enabled
3/26/2025, 12:26:55 PM GMT+3 [Modules] Module install path: /home/alberto/.config/discord/0.0.88/modules
3/26/2025, 12:26:55 PM GMT+3 [Modules] Module installed file path: /home/alberto/.config/discord/0.0.88/modules/installed.json
3/26/2025, 12:26:55 PM GMT+3 [Modules] Module download path: /home/alberto/.config/discord/0.0.88/modules/pending
3/26/2025, 12:26:55 PM GMT+3 [Modules] No updates to install
3/26/2025, 12:26:55 PM GMT+3 [Modules] Checking for host updates.
3/26/2025, 12:26:56 PM GMT+3 [Modules] Host update is available. Manual update required!
3/26/2025, 12:27:45 PM GMT+3 [Modules] Modules initializing
3/26/2025, 12:27:45 PM GMT+3 [Modules] Distribution: remote
3/26/2025, 12:27:45 PM GMT+3 [Modules] Host updates: enabled
3/26/2025, 12:27:45 PM GMT+3 [Modules] Module updates: enabled
3/26/2025, 12:27:45 PM GMT+3 [Modules] Module install path: /home/alberto/.config/discord/0.0.88/modules
3/26/2025, 12:27:45 PM GMT+3 [Modules] Module installed file path: /home/alberto/.config/discord/0.0.88/modules/installed.json
3/26/2025, 12:27:45 PM GMT+3 [Modules] Module download path: /home/alberto/.config/discord/0.0.88/modules/pending
3/26/2025, 12:27:46 PM GMT+3 [Modules] No updates to install
3/26/2025, 12:27:46 PM GMT+3 [Modules] Checking for host updates.
3/26/2025, 12:27:47 PM GMT+3 [Modules] Host update is available. Manual update required!
3/26/2025, 12:28:04 PM GMT+3 [Modules] Modules initializing
3/26/2025, 12:28:04 PM GMT+3 [Modules] Distribution: remote
3/26/2025, 12:28:04 PM GMT+3 [Modules] Host updates: enabled
3/26/2025, 12:28:04 PM GMT+3 [Modules] Module updates: enabled
3/26/2025, 12:28:04 PM GMT+3 [Modules] Module install path: /home/alberto/.config/discord/0.0.88/modules
3/26/2025, 12:28:04 PM GMT+3 [Modules] Module installed file path: /home/alberto/.config/discord/0.0.88/modules/installed.json
3/26/2025, 12:28:04 PM GMT+3 [Modules] Module download path: /home/alberto/.config/discord/0.0.88/modules/pending
3/26/2025, 12:28:04 PM GMT+3 [Modules] No updates to install
3/26/2025, 12:28:04 PM GMT+3 [Modules] Checking for host updates.
3/26/2025, 12:28:06 PM GMT+3 [Modules] Host update is available. Manual update required!
3/30/2025, 7:52:46 PM GMT+3 [Modules] Modules initializing
3/30/2025, 7:52:46 PM GMT+3 [Modules] Distribution: remote
3/30/2025, 7:52:46 PM GMT+3 [Modules] Host updates: enabled
3/30/2025, 7:52:46 PM GMT+3 [Modules] Module updates: enabled
3/30/2025, 7:52:46 PM GMT+3 [Modules] Module install path: /home/alberto/.config/discord/0.0.88/modules
3/30/2025, 7:52:46 PM GMT+3 [Modules] Module installed file path: /home/alberto/.config/discord/0.0.88/modules/installed.json
3/30/2025, 7:52:46 PM GMT+3 [Modules] Module download path: /home/alberto/.config/discord/0.0.88/modules/pending
3/30/2025, 7:52:46 PM GMT+3 [Modules] No updates to install
3/30/2025, 7:52:46 PM GMT+3 [Modules] Checking for host updates.
3/30/2025, 7:52:47 PM GMT+3 [Modules] Host update is available. Manual update required!
